Timestamp,Source IP,Destination IP,Protocol,Port,Packet Size,Info
2025-04-17 00:00:00,192.168.1.93,192.168.1.16,SSH,180,702,query initiated
2025-04-17 00:00:01,192.168.1.69,192.168.1.44,SMB,255,1061,response initiated
2025-04-17 00:00:02,192.168.1.15,192.168.1.81,HTTPS,291,1152,query initiated
2025-04-17 00:00:09,192.168.1.58,192.168.1.96,FTP,488,1130,ack initiated
2025-04-17 00:00:12,192.168.1.40,192.168.1.12,ICMP,563,429,connect initiated
2025-04-17 00:00:05,192.168.1.61,192.168.1.92,DNS,517,945,query initiated
2025-04-17 00:00:18,192.168.1.76,192.168.1.95,HTTP,753,782,query initiated
2025-04-17 00:00:21,192.168.1.18,192.168.1.77,SSH,291,318,connect initiated
2025-04-17 00:00:24,192.168.1.13,172.217.5.110,HTTP,355,1036,cleanup initiated
2025-04-17 00:00:18,192.168.1.12,192.168.1.70,ICMP,590,256,query initiated
2025-04-17 00:00:10,192.168.1.92,192.168.1.92,HTTP,24,375,query initiated
2025-04-17 00:00:33,192.168.1.27,192.168.1.79,FTP,1010,543,response initiated
2025-04-17 00:00:24,192.168.1.32,192.168.1.23,SSH,27,141,handshake initiated
2025-04-17 00:00:13,192.168.1.72,192.168.1.94,FTP,510,953,query initiated
2025-04-17 00:00:42,192.168.1.37,192.168.1.50,DNS,478,193,handshake initiated
2025-04-17 00:00:45,192.168.1.77,192.168.1.52,SSH,90,625,response initiated
2025-04-17 00:00:48,192.168.1.88,192.168.1.24,SSH,567,1158,query initiated
2025-04-17 00:00:51,192.168.1.73,192.168.1.86,FTP,261,181,ack initiated
2025-04-17 00:00:18,192.168.1.76,192.168.1.32,SMB,162,1012,query initiated
2025-04-17 00:00:57,192.168.1.51,192.168.1.85,SMB,227,133,ack initiated
2025-04-17 00:00:40,192.168.1.25,192.168.1.36,FTP,778,968,handshake initiated
2025-04-17 00:00:42,192.168.1.42,192.168.1.56,HTTP,873,1184,handshake initiated
2025-04-17 00:00:44,192.168.1.13,192.168.1.59,ICMP,388,119,query initiated
2025-04-17 00:01:09,192.168.1.14,192.168.1.45,HTTP,386,484,connect initiated
2025-04-17 00:00:48,192.168.1.79,198.51.100.25,HTTPS,423,1087,delete initiated
2025-04-17 00:01:15,192.168.1.65,192.168.1.86,HTTP,157,406,handshake initiated
2025-04-17 00:01:18,192.168.1.46,192.168.1.95,HTTP,1009,942,response initiated
2025-04-17 00:00:27,192.168.1.36,192.168.1.35,DNS,688,1321,response initiated
2025-04-17 00:01:24,192.168.1.19,203.0.113.45,DNS,315,789,C2 initiated
2025-04-17 00:00:58,192.168.1.98,172.217.5.110,HTTP,927,517,delete initiated
2025-04-17 00:01:30,192.168.1.44,192.168.1.66,HTTP,22,1204,connect initiated
2025-04-17 00:01:33,192.168.1.99,192.168.1.50,DNS,197,1357,query initiated
2025-04-17 00:00:32,192.168.1.55,192.168.1.98,FTP,490,1336,ack initiated
2025-04-17 00:01:39,192.168.1.73,192.168.1.29,DNS,757,963,connect initiated
2025-04-17 00:01:42,192.168.1.16,192.168.1.64,SSH,686,1197,connect initiated
2025-04-17 00:01:10,192.168.1.38,192.168.1.73,DNS,986,299,query initiated
2025-04-17 00:00:36,192.168.1.97,192.168.1.31,DNS,44,1144,response initiated
2025-04-17 00:01:14,192.168.1.27,192.168.1.99,SMB,665,1202,query initiated
2025-04-17 00:00:38,192.168.1.91,203.0.113.45,SSH,798,1117,cleanup initiated
2025-04-17 00:01:57,192.168.1.99,172.217.5.110,SMB,417,178,Upload initiated
2025-04-17 00:01:20,192.168.1.72,192.168.1.69,HTTPS,856,680,connect initiated
2025-04-17 00:02:03,192.168.1.87,192.168.1.69,ICMP,252,877,response initiated
2025-04-17 00:02:06,192.168.1.22,192.168.1.48,SMB,192,548,connect initiated
2025-04-17 00:00:43,192.168.1.32,192.168.1.86,HTTPS,968,1419,connect initiated
2025-04-17 00:01:28,192.168.1.46,192.168.1.92,HTTPS,810,357,ack initiated
2025-04-17 00:02:15,192.168.1.23,192.168.1.11,DNS,828,197,handshake initiated
2025-04-17 00:01:32,192.168.1.44,192.168.1.66,ICMP,122,386,handshake initiated
2025-04-17 00:01:34,192.168.1.64,172.217.5.110,FTP,78,572,Upload initiated
2025-04-17 00:00:48,192.168.1.80,203.0.113.45,HTTP,856,422,Upload initiated
2025-04-17 00:00:49,192.168.1.93,192.168.1.34,FTP,619,1333,query initiated
2025-04-17 00:02:30,192.168.1.20,192.168.1.37,HTTPS,190,337,handshake initiated
2025-04-17 00:00:51,192.168.1.57,192.168.1.18,HTTPS,966,595,response initiated
2025-04-17 00:01:44,192.168.1.78,172.217.5.110,SSH,242,188,Upload initiated
2025-04-17 00:00:53,192.168.1.97,192.168.1.20,HTTPS,322,254,handshake initiated
2025-04-17 00:01:48,192.168.1.91,192.168.1.39,HTTP,469,1365,connect initiated
2025-04-17 00:00:55,192.168.1.97,192.168.1.73,ICMP,557,904,response initiated
2025-04-17 00:02:48,192.168.1.80,192.168.1.58,SMB,41,708,connect initiated
2025-04-17 00:01:54,192.168.1.63,198.51.100.25,SMB,340,659,delete initiated
2025-04-17 00:01:56,192.168.1.22,192.168.1.79,SMB,404,358,query initiated
2025-04-17 00:02:57,192.168.1.93,172.217.5.110,HTTPS,657,1495,phishing initiated
2025-04-17 00:01:00,192.168.1.46,198.51.100.25,SSH,351,672,C2 initiated
2025-04-17 00:03:03,192.168.1.70,192.168.1.14,HTTPS,699,695,handshake initiated
2025-04-17 00:02:04,192.168.1.90,192.168.1.27,FTP,664,505,ack initiated
2025-04-17 00:01:03,192.168.1.86,192.168.1.13,SSH,988,1114,ack initiated
2025-04-17 00:02:08,192.168.1.68,192.168.1.34,HTTPS,537,152,response initiated
2025-04-17 00:02:10,192.168.1.60,172.217.5.110,SSH,836,772,cleanup initiated
2025-04-17 00:01:06,192.168.1.43,198.51.100.25,SMB,286,1056,Upload initiated
2025-04-17 00:02:14,192.168.1.21,192.168.1.92,FTP,859,406,handshake initiated
2025-04-17 00:03:24,192.168.1.83,192.168.1.25,FTP,713,1278,query initiated
2025-04-17 00:02:18,192.168.1.20,192.168.1.86,SSH,946,1066,connect initiated
2025-04-17 00:02:20,192.168.1.85,192.168.1.22,HTTP,423,1390,ack initiated
2025-04-17 00:02:22,192.168.1.47,192.168.1.35,HTTPS,53,1210,query initiated
2025-04-17 00:01:12,192.168.1.58,192.168.1.18,SSH,317,339,ack initiated
2025-04-17 00:01:13,192.168.1.45,192.168.1.28,DNS,629,267,query initiated
2025-04-17 00:03:42,192.168.1.39,198.51.100.25,DNS,910,340,phishing initiated
2025-04-17 00:01:15,192.168.1.62,192.168.1.68,HTTPS,977,398,connect initiated
2025-04-17 00:01:16,192.168.1.42,192.168.1.14,HTTP,305,749,ack initiated
2025-04-17 00:03:51,192.168.1.77,192.168.1.40,SSH,591,124,ack initiated
2025-04-17 00:01:18,192.168.1.34,192.168.1.48,HTTPS,774,1051,handshake initiated
2025-04-17 00:03:57,192.168.1.80,192.168.1.80,DNS,55,924,query initiated
2025-04-17 00:01:20,192.168.1.72,192.168.1.47,ICMP,430,150,ack initiated
2025-04-17 00:04:03,192.168.1.56,192.168.1.74,HTTPS,840,1431,query initiated
2025-04-17 00:04:06,192.168.1.62,192.168.1.22,FTP,754,442,connect initiated
2025-04-17 00:01:23,192.168.1.82,192.168.1.94,HTTPS,928,430,ack initiated
2025-04-17 00:02:48,192.168.1.98,192.168.1.69,FTP,409,1151,handshake initiated
2025-04-17 00:01:25,192.168.1.16,192.168.1.28,HTTPS,841,1086,query initiated
2025-04-17 00:02:52,192.168.1.23,192.168.1.89,HTTPS,119,616,connect initiated
2025-04-17 00:01:27,192.168.1.40,192.168.1.39,ICMP,876,399,ack initiated
2025-04-17 00:02:56,192.168.1.51,192.168.1.26,ICMP,534,846,ack initiated
2025-04-17 00:01:29,192.168.1.12,192.168.1.90,SSH,337,643,response initiated
2025-04-17 00:01:30,192.168.1.77,192.168.1.54,HTTPS,937,689,query initiated
2025-04-17 00:04:33,192.168.1.16,192.168.1.26,ICMP,491,520,response initiated
2025-04-17 00:03:04,192.168.1.40,192.168.1.11,SMB,401,668,handshake initiated
2025-04-17 00:04:39,192.168.1.32,192.168.1.50,DNS,562,1215,handshake initiated
2025-04-17 00:01:34,192.168.1.38,172.217.5.110,SSH,293,601,Upload initiated
2025-04-17 00:03:10,192.168.1.40,192.168.1.76,SMB,693,670,query initiated
2025-04-17 00:04:48,192.168.1.96,198.51.100.25,FTP,415,1208,Upload initiated
2025-04-17 00:03:14,192.168.1.36,192.168.1.36,ICMP,652,348,query initiated
2025-04-17 00:01:38,192.168.1.63,192.168.1.97,ICMP,203,754,handshake initiated
2025-04-17 00:03:18,192.168.1.30,192.168.1.90,HTTP,945,1176,response initiated
2025-04-17 00:05:00,192.168.1.76,198.51.100.25,HTTPS,685,1017,C2 initiated
2025-04-17 00:01:41,192.168.1.50,192.168.1.78,SMB,70,277,response initiated
2025-04-17 00:01:42,192.168.1.30,192.168.1.25,HTTPS,775,1276,response initiated
2025-04-17 00:01:43,192.168.1.28,172.217.5.110,ICMP,66,928,C2 initiated
2025-04-17 00:03:28,192.168.1.97,198.51.100.25,FTP,403,1329,delete initiated
2025-04-17 00:01:45,192.168.1.52,172.217.5.110,ICMP,915,1387,phishing initiated
2025-04-17 00:01:46,192.168.1.28,172.217.5.110,ICMP,631,1112,cleanup initiated
2025-04-17 00:05:21,192.168.1.44,192.168.1.15,SMB,295,518,ack initiated
2025-04-17 00:03:36,192.168.1.47,192.168.1.62,FTP,554,1053,response initiated
2025-04-17 00:05:27,192.168.1.62,192.168.1.64,SSH,900,633,handshake initiated
2025-04-17 00:03:40,192.168.1.10,192.168.1.97,SSH,549,835,handshake initiated
2025-04-17 00:01:51,192.168.1.89,203.0.113.45,HTTPS,22,666,delete initiated
2025-04-17 00:03:44,192.168.1.77,192.168.1.75,HTTPS,130,608,handshake initiated
2025-04-17 00:01:53,192.168.1.39,192.168.1.63,ICMP,834,742,ack initiated
2025-04-17 00:05:42,192.168.1.72,192.168.1.63,HTTP,973,1099,connect initiated
2025-04-17 00:03:50,192.168.1.15,192.168.1.74,SSH,845,401,handshake initiated
2025-04-17 00:05:48,192.168.1.58,192.168.1.58,FTP,190,167,response initiated
2025-04-17 00:03:54,192.168.1.96,203.0.113.45,FTP,229,853,Upload initiated
2025-04-17 00:03:56,192.168.1.45,192.168.1.93,DNS,500,525,handshake initiated
2025-04-17 00:03:58,192.168.1.87,192.168.1.46,SSH,443,136,handshake initiated
2025-04-17 00:02:00,192.168.1.57,198.51.100.25,FTP,351,642,phishing initiated
2025-04-17 00:02:01,192.168.1.72,203.0.113.45,SMB,221,951,C2 initiated
2025-04-17 00:04:04,192.168.1.25,172.217.5.110,HTTP,345,205,Upload initiated
2025-04-17 00:02:03,192.168.1.30,192.168.1.25,HTTP,968,735,query initiated
2025-04-17 00:02:04,192.168.1.80,192.168.1.74,HTTP,259,1379,ack initiated
2025-04-17 00:04:10,192.168.1.25,192.168.1.40,SSH,670,1011,connect initiated
2025-04-17 00:06:18,192.168.1.84,172.217.5.110,FTP,353,136,Upload initiated
2025-04-17 00:02:07,192.168.1.93,192.168.1.71,SSH,735,629,query initiated
2025-04-17 00:06:24,192.168.1.78,192.168.1.39,FTP,588,342,query initiated
2025-04-17 00:02:09,192.168.1.31,192.168.1.59,HTTP,370,296,handshake initiated
2025-04-17 00:02:10,192.168.1.34,192.168.1.30,HTTPS,256,570,response initiated
2025-04-17 00:04:22,192.168.1.80,192.168.1.41,HTTPS,522,1173,ack initiated
2025-04-17 00:06:36,192.168.1.13,192.168.1.18,HTTPS,283,381,connect initiated
2025-04-17 00:06:39,192.168.1.77,203.0.113.45,HTTPS,57,373,C2 initiated
2025-04-17 00:02:14,192.168.1.44,192.168.1.85,HTTP,98,1046,query initiated
2025-04-17 00:04:30,192.168.1.15,192.168.1.76,HTTPS,952,1077,connect initiated
2025-04-17 00:06:48,192.168.1.23,192.168.1.46,ICMP,788,1235,response initiated
2025-04-17 00:06:51,192.168.1.65,192.168.1.44,SSH,777,378,connect initiated
2025-04-17 00:02:18,192.168.1.21,192.168.1.25,SSH,607,1339,ack initiated
2025-04-17 00:02:19,192.168.1.48,192.168.1.62,ICMP,681,562,handshake initiated
2025-04-17 00:02:20,192.168.1.38,192.168.1.70,ICMP,930,1449,connect initiated
2025-04-17 00:04:42,192.168.1.57,198.51.100.25,ICMP,301,278,Upload initiated
2025-04-17 00:04:44,192.168.1.42,192.168.1.97,SMB,492,871,response initiated
2025-04-17 00:04:46,192.168.1.88,192.168.1.49,ICMP,393,210,ack initiated
2025-04-17 00:07:12,192.168.1.77,192.168.1.88,ICMP,891,776,handshake initiated
2025-04-17 00:02:25,192.168.1.29,192.168.1.72,SMB,606,131,ack initiated
2025-04-17 00:04:52,192.168.1.58,192.168.1.16,FTP,225,1365,ack initiated
2025-04-17 00:02:27,192.168.1.30,192.168.1.28,HTTPS,731,235,handshake initiated
2025-04-17 00:02:28,192.168.1.14,192.168.1.58,DNS,292,1422,ack initiated
2025-04-17 00:04:58,192.168.1.52,192.168.1.70,HTTPS,345,647,query initiated
2025-04-17 00:05:00,192.168.1.40,192.168.1.77,SMB,388,1452,response initiated
2025-04-17 00:05:02,192.168.1.64,192.168.1.45,HTTPS,480,804,handshake initiated
2025-04-17 00:02:32,192.168.1.73,192.168.1.49,FTP,982,619,handshake initiated
2025-04-17 00:02:33,192.168.1.40,192.168.1.31,HTTP,112,163,query initiated
2025-04-17 00:07:42,192.168.1.59,192.168.1.96,FTP,431,755,connect initiated
2025-04-17 00:07:45,192.168.1.60,192.168.1.50,ICMP,771,387,connect initiated
2025-04-17 00:07:48,192.168.1.38,203.0.113.45,DNS,260,211,C2 initiated
2025-04-17 00:05:14,192.168.1.43,192.168.1.36,SSH,616,653,response initiated
2025-04-17 00:05:16,192.168.1.86,192.168.1.90,HTTP,170,832,query initiated
2025-04-17 00:02:39,192.168.1.69,192.168.1.13,DNS,1005,1393,query initiated
2025-04-17 00:05:20,192.168.1.56,192.168.1.40,ICMP,588,482,response initiated
2025-04-17 00:08:03,192.168.1.66,192.168.1.20,ICMP,27,1346,response initiated
2025-04-17 00:02:42,192.168.1.63,192.168.1.52,HTTP,577,1190,ack initiated
2025-04-17 00:05:26,192.168.1.39,198.51.100.25,HTTPS,500,276,delete initiated
2025-04-17 00:05:28,192.168.1.87,192.168.1.23,FTP,213,287,response initiated
2025-04-17 00:05:30,192.168.1.65,192.168.1.11,SMB,1013,1116,query initiated
2025-04-17 00:08:18,192.168.1.89,192.168.1.80,SSH,318,1088,ack initiated
2025-04-17 00:02:47,192.168.1.77,192.168.1.73,HTTP,687,1141,ack initiated
2025-04-17 00:02:48,192.168.1.83,198.51.100.25,HTTP,488,705,phishing initiated
2025-04-17 00:05:38,192.168.1.13,192.168.1.22,DNS,998,719,handshake initiated
2025-04-17 00:02:50,192.168.1.35,192.168.1.79,DNS,222,1235,ack initiated
2025-04-17 00:08:33,192.168.1.22,192.168.1.92,SSH,557,761,connect initiated
2025-04-17 00:02:52,192.168.1.83,192.168.1.67,ICMP,530,486,ack initiated
2025-04-17 00:05:46,192.168.1.38,203.0.113.45,ICMP,24,530,cleanup initiated
2025-04-17 00:08:42,192.168.1.86,192.168.1.81,HTTPS,210,1068,query initiated
2025-04-17 00:08:45,192.168.1.58,203.0.113.45,HTTP,550,812,cleanup initiated
2025-04-17 00:02:56,192.168.1.56,192.168.1.11,DNS,444,304,connect initiated
2025-04-17 00:08:51,192.168.1.46,192.168.1.10,HTTPS,559,316,ack initiated
2025-04-17 00:08:54,192.168.1.58,192.168.1.26,HTTP,569,1469,ack initiated
2025-04-17 00:08:57,192.168.1.37,192.168.1.87,FTP,465,178,response initiated
2025-04-17 00:09:00,192.168.1.98,192.168.1.14,SSH,804,1285,handshake initiated
2025-04-17 00:09:03,192.168.1.32,192.168.1.76,DNS,624,1325,response initiated
2025-04-17 00:06:04,192.168.1.65,203.0.113.45,ICMP,178,371,cleanup initiated
2025-04-17 00:03:03,192.168.1.98,192.168.1.26,DNS,905,1300,response initiated
2025-04-17 00:06:08,192.168.1.70,203.0.113.45,DNS,170,1112,C2 initiated
2025-04-17 00:03:05,192.168.1.20,192.168.1.36,DNS,838,1245,query initiated
2025-04-17 00:06:12,192.168.1.71,198.51.100.25,SMB,262,158,delete initiated
2025-04-17 00:03:07,192.168.1.50,192.168.1.20,HTTP,749,150,connect initiated
2025-04-17 00:06:16,192.168.1.99,192.168.1.15,SSH,34,109,query initiated
2025-04-17 00:09:27,192.168.1.78,192.168.1.83,SSH,274,683,handshake initiated
2025-04-17 00:03:10,192.168.1.87,192.168.1.44,ICMP,342,1283,connect initiated
2025-04-17 00:09:33,192.168.1.50,198.51.100.25,SMB,729,1294,cleanup initiated
2025-04-17 00:09:36,192.168.1.44,192.168.1.69,DNS,967,823,query initiated
2025-04-17 00:09:39,192.168.1.91,203.0.113.45,FTP,412,169,phishing initiated
2025-04-17 00:06:28,192.168.1.95,192.168.1.78,SSH,439,526,ack initiated
2025-04-17 00:03:15,192.168.1.66,192.168.1.67,HTTPS,955,734,ack initiated
2025-04-17 00:03:16,192.168.1.75,192.168.1.31,SSH,944,514,handshake initiated
2025-04-17 00:09:51,192.168.1.60,203.0.113.45,SSH,479,1460,Upload initiated
2025-04-17 00:06:36,192.168.1.15,192.168.1.30,DNS,674,495,response initiated
2025-04-17 00:09:57,192.168.1.57,198.51.100.25,DNS,54,1296,cleanup initiated
2025-04-17 00:03:20,192.168.1.38,198.51.100.25,SSH,66,692,phishing initiated
2025-04-17 00:03:21,192.168.1.45,192.168.1.15,HTTP,27,609,response initiated
2025-04-17 00:06:44,192.168.1.20,192.168.1.90,HTTP,44,258,response initiated
2025-04-17 00:10:09,192.168.1.22,192.168.1.61,DNS,95,833,handshake initiated
2025-04-17 00:03:24,192.168.1.79,203.0.113.45,HTTPS,128,309,phishing initiated
2025-04-17 00:06:50,192.168.1.19,192.168.1.30,HTTP,802,172,connect initiated
2025-04-17 00:03:26,192.168.1.63,192.168.1.95,ICMP,268,1003,response initiated
2025-04-17 00:10:21,192.168.1.77,192.168.1.54,ICMP,508,338,query initiated
2025-04-17 00:10:24,192.168.1.12,192.168.1.97,HTTPS,22,867,connect initiated
2025-04-17 00:06:58,192.168.1.46,192.168.1.82,HTTPS,777,358,ack initiated
2025-04-17 00:07:00,192.168.1.86,198.51.100.25,SSH,172,901,phishing initiated
2025-04-17 00:03:31,192.168.1.33,192.168.1.74,FTP,989,894,query initiated
2025-04-17 00:10:36,192.168.1.75,192.168.1.52,SSH,442,855,response initiated
2025-04-17 00:03:33,192.168.1.29,192.168.1.53,DNS,859,776,handshake initiated
2025-04-17 00:10:42,192.168.1.35,192.168.1.91,SMB,294,248,handshake initiated
2025-04-17 00:07:10,192.168.1.74,172.217.5.110,FTP,838,350,delete initiated
2025-04-17 00:03:36,192.168.1.30,192.168.1.92,SMB,813,232,ack initiated
2025-04-17 00:10:51,192.168.1.54,192.168.1.75,SMB,583,249,query initiated
2025-04-17 00:07:16,192.168.1.13,192.168.1.19,ICMP,865,1448,response initiated
2025-04-17 00:07:18,192.168.1.13,192.168.1.71,SSH,615,776,handshake initiated
2025-04-17 00:07:20,192.168.1.98,192.168.1.12,DNS,573,780,response initiated
2025-04-17 00:11:03,192.168.1.29,192.168.1.23,SSH,994,1491,handshake initiated
2025-04-17 00:03:42,192.168.1.40,192.168.1.81,SSH,95,920,query initiated
2025-04-17 00:03:43,192.168.1.15,192.168.1.91,DNS,245,243,query initiated
2025-04-17 00:07:28,192.168.1.82,192.168.1.26,DNS,506,558,connect initiated
2025-04-17 00:03:45,192.168.1.14,192.168.1.12,DNS,150,881,ack initiated
2025-04-17 00:11:18,192.168.1.21,192.168.1.36,DNS,249,959,connect initiated
2025-04-17 00:11:21,192.168.1.39,198.51.100.25,SSH,423,269,Upload initiated
2025-04-17 00:11:24,192.168.1.18,203.0.113.45,SMB,386,855,phishing initiated
2025-04-17 00:11:27,192.168.1.66,192.168.1.93,DNS,153,155,handshake initiated
2025-04-17 00:03:50,192.168.1.30,192.168.1.68,HTTP,159,892,ack initiated
2025-04-17 00:07:42,192.168.1.24,192.168.1.92,FTP,428,1426,query initiated
2025-04-17 00:11:36,192.168.1.23,192.168.1.10,SSH,692,323,query initiated
2025-04-17 00:07:46,192.168.1.43,192.168.1.97,HTTPS,165,637,response initiated
2025-04-17 00:11:42,192.168.1.54,192.168.1.34,SMB,92,810,ack initiated
2025-04-17 00:03:55,192.168.1.98,192.168.1.13,SMB,545,1373,connect initiated
2025-04-17 00:03:56,192.168.1.89,192.168.1.13,DNS,916,620,handshake initiated
2025-04-17 00:11:51,192.168.1.84,192.168.1.84,ICMP,725,538,ack initiated
2025-04-17 00:03:58,192.168.1.58,192.168.1.29,ICMP,266,1063,query initiated
2025-04-17 00:03:59,192.168.1.12,192.168.1.66,SMB,677,1481,handshake initiated
2025-04-17 00:12:00,192.168.1.74,192.168.1.79,HTTPS,236,210,handshake initiated
2025-04-17 00:12:03,192.168.1.56,192.168.1.58,DNS,548,1392,query initiated
2025-04-17 00:04:02,192.168.1.49,192.168.1.88,FTP,821,403,ack initiated
2025-04-17 00:08:06,192.168.1.28,192.168.1.95,HTTP,519,495,ack initiated
2025-04-17 00:12:12,192.168.1.78,192.168.1.86,ICMP,55,103,response initiated
2025-04-17 00:04:05,192.168.1.95,192.168.1.17,DNS,690,883,handshake initiated
2025-04-17 00:12:18,192.168.1.56,192.168.1.87,SSH,976,1322,response initiated
2025-04-17 00:12:21,192.168.1.97,192.168.1.84,DNS,37,985,query initiated
2025-04-17 00:08:16,192.168.1.94,192.168.1.51,DNS,757,1196,connect initiated
2025-04-17 00:08:18,192.168.1.71,192.168.1.94,DNS,332,382,response initiated
2025-04-17 00:04:10,192.168.1.16,192.168.1.36,FTP,354,837,connect initiated
2025-04-17 00:08:22,192.168.1.97,192.168.1.33,SSH,178,913,ack initiated
2025-04-17 00:12:36,192.168.1.13,192.168.1.11,ICMP,358,619,response initiated
2025-04-17 00:08:26,192.168.1.34,192.168.1.71,SSH,401,346,handshake initiated
2025-04-17 00:08:28,192.168.1.85,192.168.1.91,HTTPS,645,749,ack initiated
2025-04-17 00:08:30,192.168.1.32,192.168.1.36,ICMP,722,111,ack initiated
2025-04-17 00:12:48,192.168.1.18,192.168.1.77,DNS,163,628,ack initiated
2025-04-17 00:12:51,192.168.1.37,192.168.1.17,ICMP,990,1299,query initiated
2025-04-17 00:04:18,192.168.1.72,192.168.1.13,HTTP,568,1178,ack initiated
2025-04-17 00:04:19,192.168.1.85,192.168.1.67,DNS,472,547,connect initiated
2025-04-17 00:08:40,192.168.1.95,192.168.1.53,SSH,750,1359,connect initiated
2025-04-17 00:13:03,192.168.1.21,172.217.5.110,SMB,845,975,Upload initiated
2025-04-17 00:08:44,192.168.1.67,198.51.100.25,ICMP,667,770,delete initiated
2025-04-17 00:08:46,192.168.1.82,192.168.1.11,HTTPS,863,1021,ack initiated
2025-04-17 00:04:24,192.168.1.78,192.168.1.53,HTTP,179,691,response initiated
2025-04-17 00:04:25,192.168.1.67,172.217.5.110,DNS,273,263,phishing initiated
2025-04-17 00:08:52,192.168.1.15,192.168.1.44,SSH,899,422,ack initiated
2025-04-17 00:04:27,192.168.1.75,192.168.1.16,HTTPS,936,346,response initiated
2025-04-17 00:08:56,192.168.1.10,192.168.1.98,HTTPS,811,1169,ack initiated
2025-04-17 00:08:58,192.168.1.36,192.168.1.80,FTP,803,1177,connect initiated
2025-04-17 00:09:00,192.168.1.62,192.168.1.98,FTP,843,925,ack initiated
2025-04-17 00:04:31,192.168.1.86,192.168.1.12,SSH,529,1375,handshake initiated
2025-04-17 00:09:04,192.168.1.46,203.0.113.45,SMB,760,1323,cleanup initiated
2025-04-17 00:09:06,192.168.1.20,192.168.1.32,SSH,23,795,handshake initiated
2025-04-17 00:09:08,192.168.1.70,192.168.1.77,HTTP,312,1290,ack initiated
2025-04-17 00:09:10,192.168.1.42,203.0.113.45,HTTPS,842,1344,cleanup initiated
2025-04-17 00:04:36,192.168.1.69,203.0.113.45,HTTPS,936,481,phishing initiated
2025-04-17 00:09:14,192.168.1.10,192.168.1.52,SMB,105,622,response initiated
2025-04-17 00:09:16,192.168.1.80,203.0.113.45,HTTP,796,862,C2 initiated
2025-04-17 00:13:57,192.168.1.59,192.168.1.34,HTTP,33,1092,handshake initiated
2025-04-17 00:09:20,192.168.1.75,192.168.1.49,HTTPS,263,433,handshake initiated
2025-04-17 00:09:22,192.168.1.88,192.168.1.14,ICMP,375,1080,handshake initiated
2025-04-17 00:14:06,192.168.1.57,192.168.1.59,DNS,262,1478,handshake initiated
2025-04-17 00:04:43,192.168.1.75,198.51.100.25,HTTPS,337,159,phishing initiated
2025-04-17 00:09:28,192.168.1.99,192.168.1.11,HTTPS,42,319,connect initiated
2025-04-17 00:14:15,192.168.1.49,192.168.1.35,HTTPS,194,1236,ack initiated
2025-04-17 00:04:46,192.168.1.71,192.168.1.31,DNS,298,802,query initiated
2025-04-17 00:14:21,192.168.1.60,192.168.1.28,ICMP,955,1382,connect initiated
2025-04-17 00:14:24,192.168.1.82,192.168.1.56,HTTP,123,882,handshake initiated
2025-04-17 00:09:38,192.168.1.97,192.168.1.50,HTTPS,480,1191,handshake initiated
2025-04-17 00:14:30,192.168.1.63,192.168.1.74,FTP,773,1232,ack initiated
2025-04-17 00:14:33,192.168.1.32,192.168.1.99,DNS,831,481,query initiated
2025-04-17 00:04:52,192.168.1.90,192.168.1.54,SSH,196,1026,connect initiated
2025-04-17 00:09:46,192.168.1.56,192.168.1.31,SMB,1004,1140,response initiated
2025-04-17 00:09:48,192.168.1.15,192.168.1.44,SSH,116,759,handshake initiated
2025-04-17 00:04:55,192.168.1.78,192.168.1.72,FTP,993,583,query initiated
2025-04-17 00:04:56,192.168.1.74,192.168.1.16,ICMP,861,708,connect initiated
2025-04-17 00:09:54,192.168.1.20,192.168.1.53,FTP,133,954,response initiated
2025-04-17 00:09:56,192.168.1.63,192.168.1.75,SMB,959,629,response initiated
2025-04-17 00:04:59,192.168.1.90,198.51.100.25,SMB,219,545,Upload initiated
2025-04-17 00:15:00,192.168.1.75,192.168.1.39,ICMP,547,320,query initiated
2025-04-17 00:15:03,192.168.1.33,192.168.1.71,ICMP,928,766,ack initiated
2025-04-17 00:15:06,192.168.1.13,203.0.113.45,DNS,711,560,cleanup initiated
2025-04-17 00:05:03,192.168.1.47,192.168.1.55,SSH,82,108,response initiated
2025-04-17 00:05:04,192.168.1.90,192.168.1.17,SMB,749,151,response initiated
2025-04-17 00:10:10,192.168.1.86,192.168.1.81,ICMP,866,550,handshake initiated
2025-04-17 00:10:12,192.168.1.61,192.168.1.46,FTP,636,491,response initiated
2025-04-17 00:10:14,192.168.1.24,192.168.1.72,SMB,593,589,ack initiated
2025-04-17 00:05:08,192.168.1.84,192.168.1.41,ICMP,929,924,connect initiated
2025-04-17 00:05:09,192.168.1.98,192.168.1.76,SMB,393,348,query initiated
2025-04-17 00:05:10,192.168.1.14,192.168.1.31,DNS,867,1202,response initiated
2025-04-17 00:05:11,192.168.1.76,172.217.5.110,FTP,786,832,Upload initiated
2025-04-17 00:15:36,192.168.1.62,192.168.1.45,HTTPS,952,844,ack initiated
2025-04-17 00:05:13,192.168.1.16,192.168.1.65,SSH,282,663,response initiated
2025-04-17 00:05:14,192.168.1.58,192.168.1.70,SMB,434,886,query initiated
2025-04-17 00:15:45,192.168.1.17,192.168.1.46,ICMP,508,1350,query initiated
2025-04-17 00:10:32,192.168.1.98,192.168.1.18,HTTP,823,765,query initiated
2025-04-17 00:05:17,192.168.1.55,198.51.100.25,HTTP,851,1326,C2 initiated
2025-04-17 00:15:54,192.168.1.16,192.168.1.31,SSH,326,531,response initiated
2025-04-17 00:10:38,192.168.1.70,192.168.1.40,FTP,549,788,handshake initiated
2025-04-17 00:05:20,192.168.1.50,192.168.1.59,DNS,1011,345,query initiated
2025-04-17 00:05:21,192.168.1.24,192.168.1.79,ICMP,306,116,handshake initiated
2025-04-17 00:05:22,192.168.1.41,192.168.1.90,HTTPS,641,1011,connect initiated
2025-04-17 00:10:46,192.168.1.96,192.168.1.26,ICMP,344,1350,connect initiated
2025-04-17 00:16:12,192.168.1.75,172.217.5.110,DNS,985,539,delete initiated
2025-04-17 00:05:25,192.168.1.43,198.51.100.25,FTP,519,1058,Upload initiated
2025-04-17 00:10:52,192.168.1.67,192.168.1.57,ICMP,507,888,handshake initiated
2025-04-17 00:05:27,192.168.1.50,203.0.113.45,DNS,843,585,phishing initiated
2025-04-17 00:10:56,192.168.1.63,192.168.1.19,FTP,616,1463,response initiated
2025-04-17 00:16:27,192.168.1.48,192.168.1.94,HTTP,684,1109,ack initiated
2025-04-17 00:16:30,192.168.1.78,203.0.113.45,HTTP,53,606,Upload initiated
2025-04-17 00:16:33,192.168.1.56,192.168.1.54,SMB,83,1021,ack initiated
2025-04-17 00:16:36,192.168.1.33,192.168.1.73,HTTPS,979,1024,connect initiated
2025-04-17 00:11:06,192.168.1.51,192.168.1.76,ICMP,988,481,ack initiated
2025-04-17 00:11:08,192.168.1.44,192.168.1.69,HTTPS,218,1335,response initiated
2025-04-17 00:11:10,192.168.1.85,172.217.5.110,FTP,186,351,phishing initiated
2025-04-17 00:05:36,192.168.1.84,192.168.1.70,FTP,1017,581,ack initiated
2025-04-17 00:16:51,192.168.1.98,192.168.1.11,SMB,1017,173,ack initiated
2025-04-17 00:05:38,192.168.1.99,192.168.1.45,FTP,955,116,ack initiated
2025-04-17 00:11:18,192.168.1.15,192.168.1.11,SMB,656,815,connect initiated
2025-04-17 00:17:00,192.168.1.27,192.168.1.64,SSH,568,1346,response initiated
2025-04-17 00:11:22,192.168.1.14,192.168.1.89,SMB,678,414,handshake initiated
2025-04-17 00:17:06,192.168.1.61,192.168.1.75,SSH,215,219,handshake initiated
2025-04-17 00:17:09,192.168.1.45,192.168.1.30,HTTP,220,640,query initiated
2025-04-17 00:05:44,192.168.1.11,172.217.5.110,SSH,22,1134,C2 initiated
2025-04-17 00:17:15,192.168.1.17,192.168.1.67,SSH,543,814,ack initiated
2025-04-17 00:17:18,192.168.1.46,192.168.1.21,SSH,314,569,response initiated
2025-04-17 00:11:34,192.168.1.83,192.168.1.43,FTP,123,1241,handshake initiated
2025-04-17 00:11:36,192.168.1.45,192.168.1.57,ICMP,801,679,ack initiated
2025-04-17 00:17:27,192.168.1.82,192.168.1.80,FTP,981,329,connect initiated
2025-04-17 00:17:30,192.168.1.83,192.168.1.68,HTTPS,221,963,query initiated
2025-04-17 00:11:42,192.168.1.72,192.168.1.64,SMB,526,122,ack initiated
2025-04-17 00:11:44,192.168.1.19,192.168.1.66,FTP,963,1477,connect initiated
2025-04-17 00:17:39,192.168.1.29,192.168.1.15,SMB,105,793,handshake initiated
2025-04-17 00:17:42,192.168.1.77,192.168.1.26,DNS,776,1150,handshake initiated
2025-04-17 00:17:45,192.168.1.83,192.168.1.94,HTTP,716,1381,response initiated
2025-04-17 00:17:48,192.168.1.67,192.168.1.21,HTTP,566,255,connect initiated
2025-04-17 00:05:57,192.168.1.39,192.168.1.53,SSH,348,598,response initiated
2025-04-17 00:05:58,192.168.1.56,172.217.5.110,ICMP,738,180,Upload initiated
2025-04-17 00:17:57,192.168.1.30,192.168.1.23,HTTPS,889,842,query initiated
2025-04-17 00:12:00,192.168.1.67,192.168.1.90,HTTP,449,1307,query initiated
2025-04-17 00:18:03,192.168.1.88,192.168.1.35,HTTPS,241,1182,connect initiated
2025-04-17 00:06:02,192.168.1.91,192.168.1.27,DNS,650,102,handshake initiated
2025-04-17 00:12:06,192.168.1.78,172.217.5.110,SMB,235,434,phishing initiated
2025-04-17 00:06:04,192.168.1.52,192.168.1.89,SSH,34,524,ack initiated
2025-04-17 00:12:10,192.168.1.57,198.51.100.25,HTTPS,968,844,Upload initiated
2025-04-17 00:12:12,192.168.1.86,198.51.100.25,SMB,344,560,delete initiated
2025-04-17 00:18:21,192.168.1.43,192.168.1.13,SMB,559,1211,response initiated
2025-04-17 00:06:08,192.168.1.68,192.168.1.43,SSH,57,689,ack initiated
2025-04-17 00:12:18,192.168.1.41,192.168.1.50,FTP,201,830,handshake initiated
2025-04-17 00:12:20,192.168.1.83,192.168.1.64,ICMP,1001,393,response initiated
2025-04-17 00:12:22,192.168.1.20,192.168.1.43,DNS,223,364,connect initiated
2025-04-17 00:06:12,192.168.1.39,192.168.1.50,SMB,235,576,connect initiated
2025-04-17 00:06:13,192.168.1.79,192.168.1.40,HTTP,943,864,query initiated
2025-04-17 00:18:42,192.168.1.23,192.168.1.27,HTTP,223,661,connect initiated
2025-04-17 00:06:15,192.168.1.72,192.168.1.78,SSH,86,972,ack initiated
2025-04-17 00:18:48,192.168.1.49,172.217.5.110,SMB,1016,883,delete initiated
2025-04-17 00:06:17,192.168.1.86,192.168.1.88,HTTPS,622,1371,ack initiated
2025-04-17 00:06:18,192.168.1.71,192.168.1.94,FTP,642,1312,response initiated
2025-04-17 00:12:38,192.168.1.31,192.168.1.72,SSH,210,718,connect initiated
2025-04-17 00:06:20,192.168.1.51,192.168.1.54,HTTP,286,498,response initiated
2025-04-17 00:19:03,192.168.1.47,192.168.1.23,ICMP,795,753,handshake initiated
2025-04-17 00:06:22,192.168.1.54,192.168.1.30,SMB,880,1139,response initiated
2025-04-17 00:06:23,192.168.1.56,192.168.1.36,FTP,698,928,query initiated
2025-04-17 00:19:12,192.168.1.30,192.168.1.79,DNS,563,489,connect initiated
2025-04-17 00:12:50,192.168.1.21,192.168.1.85,FTP,488,629,query initiated
2025-04-17 00:06:26,192.168.1.37,192.168.1.95,FTP,572,297,connect initiated
2025-04-17 00:19:21,192.168.1.33,172.217.5.110,SMB,785,148,delete initiated
2025-04-17 00:12:56,192.168.1.48,192.168.1.93,FTP,21,777,query initiated
2025-04-17 00:19:27,192.168.1.35,192.168.1.34,DNS,763,869,response initiated
2025-04-17 00:06:30,192.168.1.97,192.168.1.78,HTTP,547,1217,handshake initiated
2025-04-17 00:06:31,192.168.1.13,203.0.113.45,SSH,133,113,C2 initiated
2025-04-17 00:06:32,192.168.1.24,192.168.1.81,FTP,653,1397,ack initiated
2025-04-17 00:06:33,192.168.1.49,203.0.113.45,SMB,831,167,cleanup initiated
2025-04-17 00:13:08,192.168.1.23,172.217.5.110,SMB,430,826,C2 initiated
2025-04-17 00:06:35,192.168.1.65,172.217.5.110,ICMP,72,882,phishing initiated
2025-04-17 00:13:12,192.168.1.81,192.168.1.11,FTP,280,848,ack initiated
2025-04-17 00:06:37,192.168.1.67,192.168.1.37,SMB,815,807,handshake initiated
2025-04-17 00:19:54,192.168.1.74,192.168.1.17,SMB,476,568,ack initiated
2025-04-17 00:06:39,192.168.1.74,172.217.5.110,HTTPS,488,1456,phishing initiated
2025-04-17 00:06:40,192.168.1.50,192.168.1.14,DNS,292,1176,response initiated
2025-04-17 00:20:03,192.168.1.20,192.168.1.79,ICMP,541,523,response initiated
2025-04-17 00:20:06,192.168.1.27,192.168.1.82,HTTPS,880,954,connect initiated
2025-04-17 00:06:43,192.168.1.15,192.168.1.92,FTP,718,441,handshake initiated
2025-04-17 00:13:28,192.168.1.39,192.168.1.23,SMB,140,1110,handshake initiated
2025-04-17 00:13:30,192.168.1.51,192.168.1.86,SMB,836,1466,query initiated
2025-04-17 00:13:32,192.168.1.96,192.168.1.42,HTTPS,763,1281,connect initiated
2025-04-17 00:06:47,192.168.1.13,192.168.1.43,ICMP,116,1334,query initiated
2025-04-17 00:13:36,192.168.1.23,192.168.1.50,FTP,724,145,ack initiated
2025-04-17 00:13:38,192.168.1.93,192.168.1.19,ICMP,489,607,response initiated
2025-04-17 00:20:30,192.168.1.42,192.168.1.96,HTTP,204,257,query initiated
2025-04-17 00:13:42,192.168.1.27,192.168.1.68,SSH,802,915,response initiated
2025-04-17 00:06:52,192.168.1.76,198.51.100.25,HTTPS,320,922,cleanup initiated
2025-04-17 00:06:53,192.168.1.40,192.168.1.25,DNS,628,644,ack initiated
2025-04-17 00:06:54,192.168.1.15,192.168.1.10,SSH,46,968,ack initiated
2025-04-17 00:06:55,192.168.1.82,192.168.1.73,FTP,948,370,handshake initiated
2025-04-17 00:13:52,192.168.1.11,192.168.1.26,HTTP,892,1262,handshake initiated
2025-04-17 00:13:54,192.168.1.11,192.168.1.49,SMB,131,547,response initiated
2025-04-17 00:13:56,192.168.1.97,192.168.1.94,HTTPS,596,1412,query initiated
2025-04-17 00:20:57,192.168.1.15,192.168.1.51,HTTPS,501,582,query initiated
2025-04-17 00:07:00,192.168.1.44,172.217.5.110,HTTPS,346,841,cleanup initiated
2025-04-17 00:21:03,192.168.1.88,192.168.1.47,HTTPS,439,696,query initiated
2025-04-17 00:14:04,192.168.1.72,192.168.1.66,HTTP,133,1151,connect initiated
2025-04-17 00:14:06,192.168.1.33,192.168.1.16,HTTPS,817,551,handshake initiated
2025-04-17 00:14:08,192.168.1.45,192.168.1.16,DNS,459,198,query initiated
2025-04-17 00:07:05,192.168.1.54,192.168.1.39,HTTP,1007,1342,response initiated
2025-04-17 00:21:18,192.168.1.20,192.168.1.69,HTTPS,817,1212,response initiated
2025-04-17 00:07:07,192.168.1.40,192.168.1.34,SSH,564,1062,query initiated
2025-04-17 00:14:16,192.168.1.25,192.168.1.38,FTP,310,295,connect initiated
2025-04-17 00:14:18,192.168.1.89,192.168.1.87,DNS,113,959,response initiated
2025-04-17 00:07:10,192.168.1.66,198.51.100.25,DNS,422,1439,delete initiated
2025-04-17 00:07:11,192.168.1.42,192.168.1.90,HTTP,275,541,connect initiated
2025-04-17 00:07:12,192.168.1.90,192.168.1.40,FTP,630,1288,response initiated
2025-04-17 00:07:13,192.168.1.29,172.217.5.110,FTP,323,602,delete initiated
2025-04-17 00:14:28,192.168.1.44,192.168.1.36,HTTPS,427,1225,query initiated
2025-04-17 00:07:15,192.168.1.10,192.168.1.91,SMB,59,517,ack initiated
2025-04-17 00:21:48,192.168.1.17,198.51.100.25,HTTP,277,648,C2 initiated
2025-04-17 00:07:17,192.168.1.25,192.168.1.92,SMB,206,317,ack initiated
2025-04-17 00:07:18,192.168.1.85,203.0.113.45,SSH,128,1130,delete initiated
2025-04-17 00:21:57,192.168.1.37,192.168.1.81,SMB,712,1367,handshake initiated
2025-04-17 00:22:00,192.168.1.54,192.168.1.33,HTTPS,760,1299,ack initiated
2025-04-17 00:22:03,192.168.1.63,203.0.113.45,HTTPS,392,113,delete initiated
2025-04-17 00:07:22,192.168.1.17,198.51.100.25,HTTP,397,1232,cleanup initiated
2025-04-17 00:14:46,192.168.1.59,192.168.1.27,ICMP,605,1031,handshake initiated
2025-04-17 00:22:12,192.168.1.55,203.0.113.45,SSH,647,850,cleanup initiated
2025-04-17 00:07:25,192.168.1.70,192.168.1.88,ICMP,571,1314,handshake initiated
2025-04-17 00:14:52,192.168.1.26,172.217.5.110,DNS,268,602,Upload initiated
2025-04-17 00:14:54,192.168.1.37,192.168.1.26,HTTPS,642,1355,handshake initiated
2025-04-17 00:14:56,192.168.1.59,192.168.1.75,SSH,267,1018,ack initiated
2025-04-17 00:22:27,192.168.1.70,192.168.1.73,FTP,974,752,handshake initiated
2025-04-17 00:22:30,192.168.1.60,192.168.1.76,DNS,22,1375,ack initiated
2025-04-17 00:22:33,192.168.1.99,192.168.1.86,FTP,422,779,connect initiated
2025-04-17 00:15:04,192.168.1.76,192.168.1.56,DNS,181,367,connect initiated
2025-04-17 00:15:06,192.168.1.45,192.168.1.51,HTTP,909,662,query initiated
2025-04-17 00:22:42,192.168.1.23,192.168.1.58,HTTPS,758,1117,connect initiated
2025-04-17 00:15:10,192.168.1.74,198.51.100.25,SSH,93,664,delete initiated
2025-04-17 00:07:36,192.168.1.11,192.168.1.54,SMB,981,230,response initiated
2025-04-17 00:22:51,192.168.1.41,192.168.1.20,FTP,680,1140,ack initiated
2025-04-17 00:15:16,192.168.1.53,192.168.1.63,ICMP,249,835,response initiated
2025-04-17 00:22:57,192.168.1.87,192.168.1.74,DNS,669,272,connect initiated
2025-04-17 00:07:40,192.168.1.27,203.0.113.45,DNS,166,710,C2 initiated
2025-04-17 00:07:41,192.168.1.58,192.168.1.54,SMB,495,441,handshake initiated
2025-04-17 00:23:06,192.168.1.76,203.0.113.45,FTP,428,1206,Upload initiated
2025-04-17 00:23:09,192.168.1.45,192.168.1.92,FTP,949,1267,query initiated
2025-04-17 00:15:28,192.168.1.16,192.168.1.12,DNS,157,158,ack initiated
2025-04-17 00:15:30,192.168.1.97,192.168.1.60,HTTPS,26,1201,query initiated
2025-04-17 00:23:18,192.168.1.57,203.0.113.45,SSH,468,743,phishing initiated
2025-04-17 00:23:21,192.168.1.34,192.168.1.47,HTTP,485,135,response initiated
2025-04-17 00:07:48,192.168.1.77,203.0.113.45,HTTP,239,398,Upload initiated
2025-04-17 00:23:27,192.168.1.35,192.168.1.57,DNS,947,1225,query initiated
2025-04-17 00:07:50,192.168.1.56,192.168.1.78,HTTP,747,1221,connect initiated
2025-04-17 00:07:51,192.168.1.69,198.51.100.25,SMB,826,1256,C2 initiated
2025-04-17 00:15:44,192.168.1.51,192.168.1.30,ICMP,475,1438,handshake initiated
2025-04-17 00:15:46,192.168.1.99,192.168.1.81,ICMP,606,575,ack initiated
2025-04-17 00:23:42,192.168.1.82,192.168.1.53,ICMP,919,701,connect initiated
2025-04-17 00:07:55,192.168.1.12,192.168.1.73,FTP,299,588,response initiated
2025-04-17 00:07:56,192.168.1.51,192.168.1.48,SSH,392,815,query initiated
2025-04-17 00:07:57,192.168.1.14,172.217.5.110,FTP,506,397,cleanup initiated
2025-04-17 00:07:58,192.168.1.28,192.168.1.13,HTTP,891,482,connect initiated
2025-04-17 00:15:58,192.168.1.57,192.168.1.79,HTTPS,716,1257,connect initiated
2025-04-17 00:16:00,192.168.1.37,192.168.1.74,HTTP,536,553,ack initiated
2025-04-17 00:24:03,192.168.1.27,192.168.1.73,SMB,532,624,connect initiated
2025-04-17 00:16:04,192.168.1.66,192.168.1.71,ICMP,708,374,handshake initiated
2025-04-17 00:16:06,192.168.1.79,203.0.113.45,SSH,593,858,C2 initiated
2025-04-17 00:24:12,192.168.1.10,192.168.1.46,ICMP,958,837,connect initiated
2025-04-17 00:16:10,192.168.1.51,192.168.1.93,FTP,301,1245,query initiated
2025-04-17 00:16:12,192.168.1.74,192.168.1.59,SSH,682,551,query initiated
2025-04-17 00:08:07,192.168.1.66,192.168.1.38,SMB,213,177,ack initiated
2025-04-17 00:08:08,192.168.1.16,192.168.1.35,DNS,263,1263,response initiated
2025-04-17 00:08:09,192.168.1.77,172.217.5.110,DNS,111,1053,cleanup initiated
2025-04-17 00:16:20,192.168.1.85,192.168.1.20,SMB,640,676,ack initiated
2025-04-17 00:08:11,192.168.1.14,192.168.1.95,DNS,389,1273,response initiated
2025-04-17 00:16:24,192.168.1.74,192.168.1.94,HTTP,326,1335,query initiated
2025-04-17 00:08:13,192.168.1.67,203.0.113.45,FTP,957,1082,delete initiated
2025-04-17 00:16:28,192.168.1.36,192.168.1.15,HTTPS,72,1342,response initiated
2025-04-17 00:16:30,192.168.1.55,198.51.100.25,FTP,121,394,cleanup initiated
2025-04-17 00:16:32,192.168.1.85,192.168.1.19,DNS,412,868,response initiated
2025-04-17 00:16:34,192.168.1.57,192.168.1.18,FTP,443,460,connect initiated
2025-04-17 00:24:54,192.168.1.89,192.168.1.78,FTP,638,434,query initiated
2025-04-17 00:16:38,192.168.1.27,198.51.100.25,ICMP,828,851,delete initiated
2025-04-17 00:16:40,192.168.1.98,198.51.100.25,HTTP,820,165,C2 initiated
2025-04-17 00:16:42,192.168.1.90,192.168.1.95,HTTPS,521,534,ack initiated
2025-04-17 00:16:44,192.168.1.55,198.51.100.25,HTTPS,225,709,Upload initiated
2025-04-17 00:16:46,192.168.1.38,172.217.5.110,FTP,320,656,C2 initiated
2025-04-17 00:16:48,192.168.1.30,192.168.1.36,FTP,501,1407,ack initiated
2025-04-17 00:16:50,192.168.1.81,192.168.1.88,DNS,939,1300,connect initiated
2025-04-17 00:25:18,192.168.1.20,192.168.1.95,HTTPS,340,372,handshake initiated
2025-04-17 00:08:27,192.168.1.31,192.168.1.58,HTTPS,541,1173,handshake initiated
2025-04-17 00:08:28,192.168.1.96,192.168.1.81,SSH,704,558,handshake initiated
2025-04-17 00:08:29,192.168.1.36,192.168.1.16,DNS,90,1479,query initiated
2025-04-17 00:08:30,192.168.1.15,192.168.1.37,HTTP,504,670,handshake initiated
2025-04-17 00:17:02,192.168.1.49,192.168.1.63,SMB,961,276,connect initiated
2025-04-17 00:17:04,192.168.1.94,192.168.1.78,SSH,103,128,ack initiated
2025-04-17 00:08:33,192.168.1.49,192.168.1.11,HTTP,564,196,response initiated
2025-04-17 00:25:42,192.168.1.45,192.168.1.44,HTTP,55,935,query initiated
2025-04-17 00:08:35,192.168.1.45,192.168.1.49,SSH,684,546,response initiated
2025-04-17 00:08:36,192.168.1.93,198.51.100.25,ICMP,1021,217,C2 initiated
2025-04-17 00:17:14,192.168.1.50,192.168.1.20,HTTPS,280,912,query initiated
2025-04-17 00:17:16,192.168.1.36,192.168.1.40,SSH,241,527,response initiated
2025-04-17 00:08:39,192.168.1.90,192.168.1.89,FTP,1020,1423,response initiated
2025-04-17 00:17:20,192.168.1.91,192.168.1.47,FTP,309,1475,connect initiated
2025-04-17 00:26:03,192.168.1.42,192.168.1.25,HTTPS,956,333,response initiated
2025-04-17 00:17:24,192.168.1.43,192.168.1.29,HTTP,805,310,query initiated
2025-04-17 00:26:09,192.168.1.11,172.217.5.110,HTTPS,718,1425,phishing initiated
2025-04-17 00:08:44,192.168.1.58,192.168.1.70,FTP,205,508,query initiated
2025-04-17 00:17:30,192.168.1.37,192.168.1.17,HTTPS,762,1458,connect initiated
2025-04-17 00:08:46,192.168.1.57,192.168.1.61,ICMP,843,389,response initiated
2025-04-17 00:17:34,192.168.1.37,192.168.1.87,SMB,859,338,ack initiated
2025-04-17 00:17:36,192.168.1.35,192.168.1.20,HTTPS,509,1125,query initiated
2025-04-17 00:17:38,192.168.1.55,192.168.1.85,FTP,583,353,connect initiated
2025-04-17 00:17:40,192.168.1.29,192.168.1.50,SMB,548,206,handshake initiated
2025-04-17 00:26:33,192.168.1.97,172.217.5.110,ICMP,337,724,phishing initiated
2025-04-17 00:17:44,192.168.1.63,192.168.1.33,SSH,822,600,handshake initiated
2025-04-17 00:17:46,192.168.1.87,192.168.1.19,HTTP,139,685,query initiated
2025-04-17 00:17:48,192.168.1.69,192.168.1.53,DNS,238,834,query initiated
2025-04-17 00:08:55,192.168.1.85,192.168.1.31,SMB,929,736,handshake initiated
2025-04-17 00:26:48,192.168.1.78,203.0.113.45,DNS,325,999,phishing initiated
2025-04-17 00:08:57,192.168.1.97,192.168.1.52,HTTPS,636,128,handshake initiated
2025-04-17 00:08:58,192.168.1.36,192.168.1.42,HTTP,232,1207,handshake initiated
2025-04-17 00:08:59,192.168.1.14,192.168.1.36,SMB,140,1239,ack initiated
2025-04-17 00:27:00,192.168.1.23,198.51.100.25,DNS,443,537,C2 initiated
2025-04-17 00:18:02,192.168.1.44,198.51.100.25,HTTPS,643,374,delete initiated
2025-04-17 00:27:06,192.168.1.96,192.168.1.70,SSH,626,1065,response initiated
2025-04-17 00:18:06,192.168.1.20,192.168.1.25,FTP,610,345,response initiated
2025-04-17 00:18:08,192.168.1.66,192.168.1.88,HTTP,131,1460,handshake initiated
2025-04-17 00:27:15,192.168.1.73,203.0.113.45,HTTPS,239,1397,cleanup initiated
2025-04-17 00:09:06,192.168.1.54,192.168.1.72,HTTP,506,435,connect initiated
2025-04-17 00:27:21,192.168.1.50,192.168.1.90,SMB,695,1499,handshake initiated
2025-04-17 00:27:24,192.168.1.28,192.168.1.25,ICMP,934,820,ack initiated
2025-04-17 00:09:09,192.168.1.85,192.168.1.22,HTTP,146,1001,response initiated
2025-04-17 00:18:20,192.168.1.27,192.168.1.78,ICMP,164,978,ack initiated
2025-04-17 00:27:33,192.168.1.37,192.168.1.88,DNS,710,1388,connect initiated
2025-04-17 00:18:24,192.168.1.96,192.168.1.72,DNS,513,1285,handshake initiated
2025-04-17 00:18:26,192.168.1.29,198.51.100.25,HTTPS,923,679,cleanup initiated
2025-04-17 00:27:42,192.168.1.17,192.168.1.11,HTTPS,151,929,ack initiated
2025-04-17 00:09:15,192.168.1.64,192.168.1.27,SMB,607,1059,query initiated
2025-04-17 00:09:16,192.168.1.84,192.168.1.98,ICMP,296,1497,connect initiated
2025-04-17 00:18:34,192.168.1.77,192.168.1.96,SSH,519,1081,response initiated
2025-04-17 00:09:18,192.168.1.74,198.51.100.25,FTP,350,534,C2 initiated
2025-04-17 00:27:57,192.168.1.96,192.168.1.48,ICMP,258,161,connect initiated
2025-04-17 00:18:40,192.168.1.36,192.168.1.60,SMB,305,534,ack initiated
2025-04-17 00:18:42,192.168.1.32,192.168.1.54,ICMP,483,1183,connect initiated
2025-04-17 00:09:22,192.168.1.51,192.168.1.67,HTTP,591,1141,ack initiated
2025-04-17 00:28:09,192.168.1.98,192.168.1.56,SSH,219,543,connect initiated
2025-04-17 00:18:48,192.168.1.11,192.168.1.49,ICMP,1006,891,response initiated
2025-04-17 00:28:15,192.168.1.36,192.168.1.54,HTTPS,766,339,ack initiated
2025-04-17 00:28:18,192.168.1.20,192.168.1.33,SSH,777,269,connect initiated
2025-04-17 00:28:21,192.168.1.90,192.168.1.61,ICMP,508,499,ack initiated
2025-04-17 00:28:24,192.168.1.35,192.168.1.54,SMB,494,856,ack initiated
2025-04-17 00:28:27,192.168.1.20,198.51.100.25,SSH,42,1063,Upload initiated
2025-04-17 00:28:30,192.168.1.80,192.168.1.26,DNS,81,1433,ack initiated
2025-04-17 00:19:02,192.168.1.91,192.168.1.98,SSH,280,1434,response initiated
2025-04-17 00:09:32,192.168.1.45,192.168.1.42,DNS,125,1378,handshake initiated
2025-04-17 00:09:33,192.168.1.83,192.168.1.66,HTTPS,399,268,response initiated
2025-04-17 00:28:42,192.168.1.89,192.168.1.38,SMB,482,599,ack initiated
2025-04-17 00:09:35,192.168.1.64,192.168.1.85,SSH,495,217,query initiated
2025-04-17 00:09:36,192.168.1.15,192.168.1.75,FTP,916,1499,connect initiated
2025-04-17 00:19:14,192.168.1.64,198.51.100.25,SSH,397,1110,cleanup initiated
2025-04-17 00:19:16,192.168.1.11,192.168.1.78,FTP,303,169,response initiated
2025-04-17 00:09:39,192.168.1.60,192.168.1.21,DNS,734,640,response initiated
2025-04-17 00:19:20,192.168.1.55,192.168.1.12,DNS,580,826,ack initiated
2025-04-17 00:19:22,192.168.1.38,192.168.1.74,ICMP,947,356,query initiated
2025-04-17 00:29:06,192.168.1.52,192.168.1.69,FTP,858,962,query initiated
2025-04-17 00:19:26,192.168.1.94,192.168.1.32,HTTPS,692,998,handshake initiated
2025-04-17 00:19:28,192.168.1.18,203.0.113.45,ICMP,743,195,phishing initiated
2025-04-17 00:29:15,192.168.1.24,192.168.1.39,FTP,650,278,query initiated
2025-04-17 00:19:32,192.168.1.64,203.0.113.45,FTP,960,1473,delete initiated
2025-04-17 00:19:34,192.168.1.69,192.168.1.59,ICMP,941,774,query initiated
2025-04-17 00:19:36,192.168.1.91,192.168.1.77,SSH,515,1061,connect initiated
2025-04-17 00:09:49,192.168.1.89,192.168.1.55,SSH,138,833,ack initiated
2025-04-17 00:19:40,192.168.1.53,192.168.1.48,HTTPS,363,863,handshake initiated
2025-04-17 00:19:42,192.168.1.39,192.168.1.94,DNS,474,1372,ack initiated
2025-04-17 00:19:44,192.168.1.41,192.168.1.57,FTP,67,238,connect initiated
2025-04-17 00:19:46,192.168.1.36,198.51.100.25,ICMP,438,950,delete initiated
2025-04-17 00:09:54,192.168.1.20,192.168.1.77,SMB,132,614,response initiated
2025-04-17 00:19:50,192.168.1.32,192.168.1.21,HTTP,525,275,response initiated
2025-04-17 00:19:52,192.168.1.77,192.168.1.20,SMB,248,1181,ack initiated
2025-04-17 00:09:57,192.168.1.51,192.168.1.98,DNS,971,542,connect initiated
2025-04-17 00:29:54,192.168.1.41,198.51.100.25,FTP,227,188,C2 initiated
2025-04-17 00:29:57,192.168.1.96,192.168.1.45,DNS,742,738,handshake initiated
2025-04-17 00:10:00,192.168.1.33,192.168.1.29,HTTP,783,144,ack initiated
2025-04-17 00:10:01,192.168.1.64,192.168.1.44,SMB,725,1377,connect initiated
2025-04-17 00:20:04,192.168.1.69,192.168.1.53,DNS,771,1114,response initiated
2025-04-17 00:10:03,192.168.1.70,192.168.1.96,SSH,101,733,ack initiated
2025-04-17 00:20:08,192.168.1.75,192.168.1.24,ICMP,556,987,connect initiated
2025-04-17 00:30:15,192.168.1.31,192.168.1.72,DNS,622,684,response initiated
2025-04-17 00:30:18,192.168.1.40,192.168.1.26,HTTPS,976,1066,query initiated
2025-04-17 00:10:07,192.168.1.17,192.168.1.95,HTTP,102,313,query initiated
2025-04-17 00:20:16,192.168.1.60,192.168.1.84,DNS,972,727,handshake initiated
2025-04-17 00:30:27,192.168.1.93,192.168.1.88,SSH,49,666,query initiated
2025-04-17 00:20:20,192.168.1.97,192.168.1.31,FTP,996,1096,connect initiated
2025-04-17 00:20:22,192.168.1.37,192.168.1.58,HTTP,959,226,response initiated
2025-04-17 00:10:12,192.168.1.62,192.168.1.57,HTTPS,614,1070,connect initiated
2025-04-17 00:10:13,192.168.1.73,192.168.1.43,ICMP,741,1183,ack initiated
2025-04-17 00:10:14,192.168.1.27,203.0.113.45,SMB,133,1366,cleanup initiated
2025-04-17 00:10:15,192.168.1.51,198.51.100.25,ICMP,624,547,delete initiated
2025-04-17 00:30:48,192.168.1.16,192.168.1.41,HTTP,514,598,ack initiated
2025-04-17 00:20:34,192.168.1.89,192.168.1.33,ICMP,101,288,handshake initiated
2025-04-17 00:10:18,192.168.1.83,192.168.1.11,SMB,1013,1439,handshake initiated
2025-04-17 00:10:19,192.168.1.76,192.168.1.31,ICMP,27,567,response initiated
2025-04-17 00:10:20,192.168.1.12,203.0.113.45,FTP,245,1443,delete initiated
2025-04-17 00:20:42,192.168.1.26,192.168.1.21,SMB,722,1083,query initiated
2025-04-17 00:31:06,192.168.1.46,192.168.1.53,SMB,932,1102,handshake initiated
2025-04-17 00:31:09,192.168.1.26,192.168.1.76,HTTP,351,874,response initiated
2025-04-17 00:10:24,192.168.1.83,192.168.1.38,SMB,539,705,connect initiated
2025-04-17 00:20:50,192.168.1.74,192.168.1.31,HTTPS,296,450,ack initiated
2025-04-17 00:31:18,192.168.1.49,192.168.1.91,FTP,849,255,handshake initiated
2025-04-17 00:31:21,192.168.1.18,172.217.5.110,SMB,260,1449,cleanup initiated
2025-04-17 00:10:28,192.168.1.52,192.168.1.53,DNS,741,836,response initiated
2025-04-17 00:31:27,192.168.1.68,192.168.1.55,SMB,764,715,ack initiated
2025-04-17 00:10:30,192.168.1.76,192.168.1.91,ICMP,172,303,query initiated
2025-04-17 00:31:33,192.168.1.40,192.168.1.26,DNS,83,301,handshake initiated
2025-04-17 00:31:36,192.168.1.26,192.168.1.11,ICMP,681,295,response initiated
2025-04-17 00:10:33,192.168.1.23,192.168.1.37,SSH,526,609,query initiated
2025-04-17 00:31:42,192.168.1.48,192.168.1.93,ICMP,743,1328,ack initiated
2025-04-17 00:31:45,192.168.1.28,192.168.1.17,HTTP,965,192,query initiated
2025-04-17 00:21:12,192.168.1.44,203.0.113.45,HTTPS,686,919,phishing initiated
2025-04-17 00:31:51,192.168.1.14,192.168.1.14,FTP,209,500,ack initiated
2025-04-17 00:31:54,192.168.1.11,192.168.1.90,FTP,790,236,connect initiated
2025-04-17 00:21:18,192.168.1.83,192.168.1.91,HTTP,518,628,handshake initiated
2025-04-17 00:32:00,192.168.1.11,192.168.1.86,HTTP,967,726,response initiated
2025-04-17 00:10:41,192.168.1.46,192.168.1.29,HTTPS,400,1419,handshake initiated
2025-04-17 00:32:06,192.168.1.69,192.168.1.26,FTP,385,568,ack initiated
2025-04-17 00:10:43,192.168.1.23,192.168.1.97,ICMP,757,326,ack initiated
2025-04-17 00:10:44,192.168.1.89,192.168.1.64,ICMP,125,866,response initiated
2025-04-17 00:21:30,192.168.1.53,172.217.5.110,SMB,317,1381,phishing initiated
2025-04-17 00:10:46,192.168.1.92,203.0.113.45,SSH,995,520,C2 initiated
2025-04-17 00:21:34,192.168.1.91,192.168.1.29,DNS,275,487,handshake initiated
2025-04-17 00:21:36,192.168.1.78,192.168.1.20,HTTP,419,502,response initiated
2025-04-17 00:32:27,192.168.1.91,192.168.1.48,SSH,616,730,query initiated
2025-04-17 00:10:50,192.168.1.91,192.168.1.15,FTP,988,293,handshake initiated
2025-04-17 00:10:51,192.168.1.83,192.168.1.70,FTP,721,664,handshake initiated
2025-04-17 00:32:36,192.168.1.73,192.168.1.53,SSH,915,1342,response initiated
2025-04-17 00:21:46,192.168.1.87,192.168.1.48,ICMP,221,1053,connect initiated
2025-04-17 00:10:54,192.168.1.94,192.168.1.84,ICMP,549,1169,connect initiated
2025-04-17 00:21:50,192.168.1.16,192.168.1.33,HTTP,517,339,connect initiated
2025-04-17 00:21:52,192.168.1.56,192.168.1.39,SSH,518,1401,handshake initiated
2025-04-17 00:32:51,192.168.1.68,192.168.1.64,SMB,370,1053,handshake initiated
2025-04-17 00:21:56,192.168.1.76,192.168.1.95,ICMP,776,409,query initiated
2025-04-17 00:21:58,192.168.1.18,192.168.1.95,SMB,523,1274,handshake initiated
2025-04-17 00:11:00,192.168.1.58,192.168.1.78,FTP,568,497,connect initiated
2025-04-17 00:22:02,192.168.1.34,192.168.1.86,SSH,952,997,query initiated
2025-04-17 00:33:06,192.168.1.61,192.168.1.38,HTTPS,974,273,ack initiated
2025-04-17 00:33:09,192.168.1.76,192.168.1.19,SSH,956,1146,ack initiated
2025-04-17 00:33:12,192.168.1.49,192.168.1.20,ICMP,429,556,handshake initiated
2025-04-17 00:33:15,192.168.1.50,192.168.1.91,SMB,701,733,response initiated
2025-04-17 00:11:06,192.168.1.75,192.168.1.36,HTTPS,815,1436,connect initiated
2025-04-17 00:22:14,192.168.1.24,172.217.5.110,HTTP,59,478,delete initiated
2025-04-17 00:11:08,192.168.1.56,192.168.1.58,FTP,153,1418,ack initiated
2025-04-17 00:22:18,192.168.1.39,192.168.1.32,SSH,111,520,handshake initiated
2025-04-17 00:33:30,192.168.1.53,203.0.113.45,FTP,613,308,cleanup initiated
2025-04-17 00:33:33,192.168.1.10,192.168.1.25,SSH,621,1391,ack initiated
2025-04-17 00:33:36,192.168.1.29,192.168.1.78,HTTPS,196,364,ack initiated
2025-04-17 00:11:13,192.168.1.14,172.217.5.110,ICMP,122,102,Upload initiated
2025-04-17 00:11:14,192.168.1.64,172.217.5.110,FTP,431,1154,Upload initiated
2025-04-17 00:22:30,192.168.1.34,172.217.5.110,SSH,289,795,cleanup initiated
2025-04-17 00:33:48,192.168.1.55,192.168.1.74,SSH,673,694,query initiated
2025-04-17 00:22:34,192.168.1.86,192.168.1.76,HTTP,373,1327,handshake initiated
2025-04-17 00:11:18,192.168.1.11,192.168.1.45,SMB,989,1155,connect initiated
2025-04-17 00:33:57,192.168.1.38,203.0.113.45,ICMP,546,781,C2 initiated
2025-04-17 00:11:20,192.168.1.19,192.168.1.77,SSH,200,560,response initiated
2025-04-17 00:22:42,192.168.1.73,192.168.1.77,ICMP,747,1388,connect initiated
2025-04-17 00:11:22,192.168.1.23,192.168.1.28,ICMP,101,990,query initiated
2025-04-17 00:11:23,192.168.1.12,192.168.1.43,ICMP,638,220,response initiated
2025-04-17 00:22:48,192.168.1.72,192.168.1.56,HTTP,984,800,response initiated
2025-04-17 00:11:25,192.168.1.43,192.168.1.38,SSH,963,262,query initiated
2025-04-17 00:11:26,192.168.1.17,192.168.1.75,ICMP,618,740,handshake initiated
2025-04-17 00:11:27,192.168.1.19,198.51.100.25,SMB,897,990,cleanup initiated
2025-04-17 00:34:24,192.168.1.44,192.168.1.91,SMB,230,413,query initiated
2025-04-17 00:11:29,192.168.1.37,192.168.1.99,FTP,390,935,response initiated
2025-04-17 00:23:00,192.168.1.66,192.168.1.80,DNS,94,550,ack initiated
2025-04-17 00:34:33,192.168.1.31,192.168.1.30,SSH,683,504,connect initiated
2025-04-17 00:34:36,192.168.1.78,192.168.1.87,FTP,812,198,connect initiated
2025-04-17 00:11:33,192.168.1.86,192.168.1.20,HTTPS,744,590,handshake initiated
2025-04-17 00:23:08,192.168.1.82,192.168.1.37,SSH,427,1093,response initiated
2025-04-17 00:11:35,192.168.1.81,192.168.1.34,ICMP,434,889,connect initiated
2025-04-17 00:23:12,192.168.1.45,192.168.1.33,SMB,20,1053,query initiated
2025-04-17 00:11:37,192.168.1.68,203.0.113.45,SSH,445,1269,cleanup initiated
2025-04-17 00:23:16,192.168.1.95,192.168.1.16,SMB,183,614,handshake initiated
2025-04-17 00:34:57,192.168.1.51,172.217.5.110,SSH,66,358,Upload initiated
2025-04-17 00:23:20,192.168.1.93,192.168.1.95,ICMP,230,1374,response initiated
2025-04-17 00:11:41,192.168.1.77,192.168.1.61,SSH,248,190,query initiated
2025-04-17 00:35:06,192.168.1.50,198.51.100.25,ICMP,775,1381,Upload initiated
2025-04-17 00:35:09,192.168.1.64,192.168.1.66,HTTPS,662,703,handshake initiated
2025-04-17 00:11:44,192.168.1.69,192.168.1.85,FTP,463,1326,handshake initiated
2025-04-17 00:35:15,192.168.1.87,192.168.1.23,SSH,440,932,connect initiated
2025-04-17 00:35:18,192.168.1.14,192.168.1.80,ICMP,684,822,ack initiated
2025-04-17 00:11:47,192.168.1.50,192.168.1.53,SMB,486,1199,connect initiated
2025-04-17 00:35:24,192.168.1.27,192.168.1.31,HTTPS,680,1474,connect initiated
2025-04-17 00:23:38,192.168.1.67,192.168.1.93,FTP,307,939,query initiated
2025-04-17 00:35:30,192.168.1.30,192.168.1.24,HTTPS,524,468,ack initiated
2025-04-17 00:35:33,192.168.1.35,192.168.1.50,SMB,302,1245,handshake initiated
2025-04-17 00:35:36,192.168.1.41,198.51.100.25,ICMP,310,1210,C2 initiated
2025-04-17 00:23:46,192.168.1.19,192.168.1.26,ICMP,48,1004,handshake initiated
2025-04-17 00:11:54,192.168.1.95,192.168.1.80,HTTP,778,1191,connect initiated
2025-04-17 00:11:55,192.168.1.52,192.168.1.22,SSH,839,952,response initiated
2025-04-17 00:11:56,192.168.1.71,192.168.1.90,DNS,443,749,response initiated
2025-04-17 00:11:57,192.168.1.96,192.168.1.76,SSH,914,481,ack initiated
2025-04-17 00:35:54,192.168.1.38,192.168.1.59,DNS,70,1257,response initiated
2025-04-17 00:35:57,192.168.1.32,198.51.100.25,HTTPS,43,205,cleanup initiated
2025-04-17 00:12:00,192.168.1.99,192.168.1.62,DNS,924,1446,response initiated
2025-04-17 00:24:02,192.168.1.96,198.51.100.25,HTTP,325,1286,cleanup initiated
2025-04-17 00:12:02,192.168.1.12,192.168.1.35,SMB,552,1021,connect initiated
2025-04-17 00:36:09,192.168.1.64,192.168.1.66,HTTPS,216,657,response initiated
2025-04-17 00:36:12,192.168.1.76,192.168.1.99,DNS,31,357,response initiated
2025-04-17 00:36:15,192.168.1.29,198.51.100.25,SSH,857,365,phishing initiated
2025-04-17 00:36:18,192.168.1.13,192.168.1.33,DNS,953,1499,query initiated
2025-04-17 00:24:14,192.168.1.64,192.168.1.16,ICMP,770,948,handshake initiated
2025-04-17 00:24:16,192.168.1.89,192.168.1.54,ICMP,668,1473,connect initiated
2025-04-17 00:12:09,192.168.1.54,192.168.1.12,ICMP,114,1480,ack initiated
2025-04-17 00:24:20,192.168.1.44,198.51.100.25,HTTP,1011,1479,Upload initiated
2025-04-17 00:36:33,192.168.1.71,203.0.113.45,SMB,146,1283,cleanup initiated
2025-04-17 00:12:12,192.168.1.69,192.168.1.62,HTTPS,605,666,connect initiated
2025-04-17 00:24:26,192.168.1.38,192.168.1.78,HTTP,893,428,ack initiated
2025-04-17 00:12:14,192.168.1.14,192.168.1.83,DNS,308,626,ack initiated
2025-04-17 00:36:45,192.168.1.33,192.168.1.30,SMB,371,1184,response initiated
2025-04-17 00:36:48,192.168.1.84,192.168.1.37,DNS,447,575,connect initiated
2025-04-17 00:12:17,192.168.1.73,192.168.1.84,HTTP,517,1193,response initiated
2025-04-17 00:12:18,192.168.1.47,192.168.1.95,SSH,564,239,connect initiated
2025-04-17 00:24:38,192.168.1.96,192.168.1.75,HTTPS,116,564,query initiated
2025-04-17 00:24:40,192.168.1.85,192.168.1.45,HTTP,467,940,handshake initiated
2025-04-17 00:37:03,192.168.1.85,172.217.5.110,SMB,432,979,C2 initiated
2025-04-17 00:12:22,192.168.1.83,192.168.1.25,DNS,281,704,connect initiated
2025-04-17 00:37:09,192.168.1.82,192.168.1.20,HTTPS,477,1188,query initiated
2025-04-17 00:37:12,192.168.1.83,192.168.1.52,ICMP,170,1421,query initiated
2025-04-17 00:37:15,192.168.1.28,192.168.1.35,SMB,779,303,response initiated
2025-04-17 00:37:18,192.168.1.53,172.217.5.110,HTTP,784,281,C2 initiated
2025-04-17 00:24:54,192.168.1.18,192.168.1.78,SSH,284,719,query initiated
2025-04-17 00:24:56,192.168.1.25,192.168.1.30,ICMP,928,1195,query initiated
2025-04-17 00:12:29,192.168.1.93,192.168.1.19,ICMP,769,605,ack initiated
2025-04-17 00:25:00,192.168.1.82,198.51.100.25,SSH,59,708,cleanup initiated
2025-04-17 00:12:31,192.168.1.96,192.168.1.46,DNS,108,1189,ack initiated
2025-04-17 00:37:36,192.168.1.19,192.168.1.85,SSH,445,993,connect initiated
2025-04-17 00:12:33,192.168.1.13,192.168.1.10,ICMP,744,506,handshake initiated
2025-04-17 00:12:34,192.168.1.88,203.0.113.45,ICMP,447,290,cleanup initiated
2025-04-17 00:12:35,192.168.1.88,192.168.1.67,ICMP,56,1174,response initiated
2025-04-17 00:37:48,192.168.1.65,192.168.1.45,SMB,298,1187,query initiated
2025-04-17 00:25:14,192.168.1.91,192.168.1.54,ICMP,911,327,query initiated
2025-04-17 00:12:38,192.168.1.18,192.168.1.16,ICMP,619,1340,response initiated
2025-04-17 00:37:57,192.168.1.47,192.168.1.72,HTTPS,283,207,connect initiated
2025-04-17 00:12:40,192.168.1.52,192.168.1.81,DNS,255,920,handshake initiated
2025-04-17 00:38:03,192.168.1.74,192.168.1.54,SSH,621,1432,query initiated
2025-04-17 00:38:06,192.168.1.73,192.168.1.70,DNS,823,1339,query initiated
2025-04-17 00:25:26,192.168.1.90,192.168.1.81,SMB,841,1244,connect initiated
2025-04-17 00:12:44,192.168.1.50,192.168.1.40,FTP,870,247,handshake initiated
2025-04-17 00:12:45,192.168.1.99,198.51.100.25,DNS,452,724,phishing initiated
2025-04-17 00:38:18,192.168.1.61,192.168.1.58,DNS,159,554,connect initiated
2025-04-17 00:25:34,192.168.1.45,192.168.1.86,DNS,571,169,handshake initiated
2025-04-17 00:12:48,192.168.1.44,192.168.1.84,SMB,49,769,connect initiated
2025-04-17 00:38:27,192.168.1.89,203.0.113.45,DNS,40,1059,delete initiated
2025-04-17 00:38:30,192.168.1.50,192.168.1.91,SSH,734,637,response initiated
2025-04-17 00:38:33,192.168.1.88,192.168.1.56,FTP,606,1498,response initiated
2025-04-17 00:38:36,192.168.1.69,192.168.1.69,ICMP,1011,965,connect initiated
2025-04-17 00:38:39,192.168.1.96,192.168.1.40,ICMP,951,556,response initiated
2025-04-17 00:12:54,192.168.1.69,198.51.100.25,ICMP,821,1489,cleanup initiated
2025-04-17 00:12:55,192.168.1.56,192.168.1.51,SSH,491,1197,handshake initiated
2025-04-17 00:25:52,192.168.1.28,192.168.1.74,SSH,255,794,handshake initiated
2025-04-17 00:25:54,192.168.1.76,192.168.1.67,FTP,89,916,query initiated
2025-04-17 00:25:56,192.168.1.79,192.168.1.21,SSH,294,267,ack initiated
2025-04-17 00:38:57,192.168.1.90,192.168.1.88,ICMP,695,530,handshake initiated
2025-04-17 00:26:00,192.168.1.85,192.168.1.31,HTTPS,284,1418,handshake initiated
2025-04-17 00:13:01,192.168.1.96,198.51.100.25,SSH,612,969,Upload initiated
2025-04-17 00:26:04,192.168.1.14,192.168.1.99,SSH,286,284,connect initiated
2025-04-17 00:39:09,192.168.1.92,192.168.1.24,DNS,65,443,query initiated
2025-04-17 00:39:12,192.168.1.28,192.168.1.13,SMB,640,469,query initiated
2025-04-17 00:26:10,192.168.1.19,192.168.1.84,SSH,787,1300,query initiated
2025-04-17 00:39:18,192.168.1.40,192.168.1.47,SSH,569,936,connect initiated
2025-04-17 00:26:14,192.168.1.40,192.168.1.85,FTP,115,1290,handshake initiated
2025-04-17 00:26:16,192.168.1.12,192.168.1.75,SSH,165,215,ack initiated
2025-04-17 00:39:27,192.168.1.58,192.168.1.23,ICMP,574,659,ack initiated
2025-04-17 00:26:20,192.168.1.35,172.217.5.110,HTTPS,772,180,delete initiated
2025-04-17 00:13:11,192.168.1.19,192.168.1.55,HTTPS,22,1068,query initiated
2025-04-17 00:26:24,192.168.1.81,192.168.1.37,DNS,201,690,ack initiated
2025-04-17 00:13:13,192.168.1.64,203.0.113.45,HTTPS,626,810,Upload initiated
2025-04-17 00:26:28,192.168.1.49,192.168.1.25,SMB,210,863,query initiated
2025-04-17 00:13:15,192.168.1.24,192.168.1.49,HTTP,559,692,handshake initiated
2025-04-17 00:13:16,192.168.1.34,192.168.1.96,ICMP,134,1208,response initiated
2025-04-17 00:39:51,192.168.1.10,172.217.5.110,SSH,287,947,cleanup initiated
2025-04-17 00:39:54,192.168.1.77,192.168.1.95,HTTP,220,206,handshake initiated
2025-04-17 00:39:57,192.168.1.15,192.168.1.81,HTTPS,621,967,connect initiated
2025-04-17 00:40:00,192.168.1.79,192.168.1.68,HTTP,725,1363,query initiated
2025-04-17 00:26:42,192.168.1.15,192.168.1.22,ICMP,97,506,query initiated
2025-04-17 00:13:22,192.168.1.74,192.168.1.46,HTTP,276,919,connect initiated
2025-04-17 00:26:46,192.168.1.32,198.51.100.25,SSH,244,803,cleanup initiated
2025-04-17 00:13:24,192.168.1.36,198.51.100.25,HTTP,495,356,C2 initiated
2025-04-17 00:40:15,192.168.1.99,192.168.1.88,HTTP,177,1254,ack initiated
2025-04-17 00:40:18,192.168.1.53,192.168.1.91,FTP,959,945,handshake initiated
2025-04-17 00:40:21,192.168.1.38,192.168.1.72,ICMP,628,724,handshake initiated
2025-04-17 00:26:56,192.168.1.74,192.168.1.89,FTP,431,912,ack initiated
2025-04-17 00:26:58,192.168.1.30,192.168.1.29,DNS,664,711,response initiated
2025-04-17 00:40:30,192.168.1.83,192.168.1.53,SSH,424,1385,handshake initiated
2025-04-17 00:27:02,192.168.1.99,192.168.1.87,SSH,1014,1055,connect initiated
2025-04-17 00:40:36,192.168.1.66,192.168.1.54,HTTP,156,639,ack initiated
2025-04-17 00:13:33,192.168.1.13,192.168.1.65,HTTP,112,1154,handshake initiated
2025-04-17 00:13:34,192.168.1.13,192.168.1.25,HTTPS,844,178,response initiated
2025-04-17 00:27:10,192.168.1.80,192.168.1.99,HTTP,170,667,ack initiated
2025-04-17 00:27:12,192.168.1.64,192.168.1.46,HTTPS,375,449,connect initiated
2025-04-17 00:13:37,192.168.1.28,192.168.1.82,HTTPS,562,980,query initiated
2025-04-17 00:13:38,192.168.1.28,172.217.5.110,SMB,667,1102,delete initiated
2025-04-17 00:13:39,192.168.1.11,192.168.1.71,ICMP,399,1243,connect initiated
2025-04-17 00:13:40,192.168.1.96,192.168.1.21,DNS,835,928,handshake initiated
2025-04-17 00:41:03,192.168.1.45,172.217.5.110,ICMP,109,552,cleanup initiated
2025-04-17 00:41:06,192.168.1.83,172.217.5.110,SSH,961,723,Upload initiated
2025-04-17 00:27:26,192.168.1.57,192.168.1.27,ICMP,980,266,query initiated
2025-04-17 00:27:28,192.168.1.57,192.168.1.72,FTP,80,528,response initiated
2025-04-17 00:13:45,192.168.1.22,192.168.1.85,ICMP,612,1362,connect initiated
2025-04-17 00:13:46,192.168.1.83,192.168.1.20,HTTPS,239,664,query initiated
2025-04-17 00:27:34,192.168.1.57,192.168.1.99,HTTP,881,1269,ack initiated
2025-04-17 00:13:48,192.168.1.75,203.0.113.45,FTP,578,1038,cleanup initiated
2025-04-17 00:41:27,192.168.1.22,172.217.5.110,SMB,514,759,cleanup initiated
2025-04-17 00:13:50,192.168.1.13,203.0.113.45,DNS,743,206,C2 initiated
2025-04-17 00:13:51,192.168.1.50,192.168.1.46,FTP,516,1132,handshake initiated
2025-04-17 00:41:36,192.168.1.44,192.168.1.58,HTTP,392,980,query initiated
2025-04-17 00:13:53,192.168.1.44,192.168.1.29,SSH,434,1262,handshake initiated
2025-04-17 00:41:42,192.168.1.23,192.168.1.55,SMB,24,745,connect initiated
2025-04-17 00:41:45,192.168.1.60,192.168.1.31,HTTP,687,490,query initiated
2025-04-17 00:13:56,192.168.1.36,192.168.1.70,DNS,768,140,ack initiated
2025-04-17 00:41:51,192.168.1.93,192.168.1.14,HTTP,517,317,connect initiated
2025-04-17 00:27:56,192.168.1.27,192.168.1.82,ICMP,481,186,connect initiated
2025-04-17 00:27:58,192.168.1.76,192.168.1.41,ICMP,705,354,handshake initiated
2025-04-17 00:28:00,192.168.1.47,192.168.1.72,FTP,875,782,handshake initiated
2025-04-17 00:14:01,192.168.1.52,192.168.1.87,DNS,99,268,connect initiated
2025-04-17 00:14:02,192.168.1.39,192.168.1.12,FTP,165,698,query initiated
2025-04-17 00:28:06,192.168.1.86,172.217.5.110,ICMP,400,351,C2 initiated
2025-04-17 00:42:12,192.168.1.42,192.168.1.79,FTP,233,502,handshake initiated
2025-04-17 00:42:15,192.168.1.28,192.168.1.73,DNS,325,581,handshake initiated
2025-04-17 00:14:06,192.168.1.24,192.168.1.44,SSH,565,425,query initiated
2025-04-17 00:28:14,192.168.1.80,172.217.5.110,ICMP,745,576,cleanup initiated
2025-04-17 00:14:08,192.168.1.37,192.168.1.96,DNS,864,1114,handshake initiated
2025-04-17 00:14:09,192.168.1.33,172.217.5.110,SMB,881,986,Upload initiated
2025-04-17 00:14:10,192.168.1.87,192.168.1.89,ICMP,180,729,handshake initiated
2025-04-17 00:28:22,192.168.1.21,203.0.113.45,SSH,804,926,cleanup initiated
2025-04-17 00:42:36,192.168.1.41,203.0.113.45,ICMP,122,1276,delete initiated
2025-04-17 00:42:39,192.168.1.74,192.168.1.99,SMB,897,1095,connect initiated
2025-04-17 00:42:42,192.168.1.13,192.168.1.17,HTTPS,60,949,ack initiated
2025-04-17 00:28:30,192.168.1.62,192.168.1.42,SMB,561,1412,query initiated
2025-04-17 00:14:16,192.168.1.49,192.168.1.22,FTP,612,683,response initiated
2025-04-17 00:14:17,192.168.1.66,192.168.1.81,HTTPS,572,1414,handshake initiated
2025-04-17 00:14:18,192.168.1.51,192.168.1.93,SSH,645,1424,handshake initiated
2025-04-17 00:28:38,192.168.1.61,192.168.1.53,HTTPS,911,621,ack initiated
2025-04-17 00:43:00,192.168.1.67,192.168.1.30,ICMP,539,691,handshake initiated
2025-04-17 00:14:21,192.168.1.20,192.168.1.44,FTP,970,755,query initiated
2025-04-17 00:43:06,192.168.1.28,192.168.1.40,SMB,916,1221,query initiated
2025-04-17 00:43:09,192.168.1.58,192.168.1.66,DNS,119,492,handshake initiated
2025-04-17 00:43:12,192.168.1.92,203.0.113.45,ICMP,924,968,phishing initiated
2025-04-17 00:28:50,192.168.1.99,192.168.1.59,FTP,263,1059,connect initiated
2025-04-17 00:28:52,192.168.1.14,192.168.1.34,HTTP,348,234,query initiated
2025-04-17 00:43:21,192.168.1.29,198.51.100.25,HTTP,216,776,C2 initiated
2025-04-17 00:14:28,192.168.1.36,192.168.1.76,HTTP,641,1143,handshake initiated
2025-04-17 00:14:29,192.168.1.71,192.168.1.33,SSH,54,972,handshake initiated
2025-04-17 00:29:00,192.168.1.68,192.168.1.34,ICMP,767,1002,response initiated
2025-04-17 00:14:31,192.168.1.54,192.168.1.56,SMB,196,121,response initiated
2025-04-17 00:14:32,192.168.1.36,192.168.1.55,ICMP,852,313,connect initiated
2025-04-17 00:29:06,192.168.1.44,203.0.113.45,SMB,333,831,Upload initiated
2025-04-17 00:43:42,192.168.1.79,192.168.1.17,ICMP,74,1005,connect initiated
2025-04-17 00:43:45,192.168.1.14,192.168.1.65,SSH,879,305,query initiated
2025-04-17 00:14:36,192.168.1.75,192.168.1.19,HTTPS,258,1447,connect initiated
2025-04-17 00:14:37,192.168.1.59,192.168.1.25,HTTPS,334,701,response initiated
2025-04-17 00:29:16,192.168.1.26,192.168.1.13,SSH,563,575,handshake initiated
2025-04-17 00:14:39,192.168.1.58,192.168.1.84,SMB,297,1241,handshake initiated
2025-04-17 00:14:40,192.168.1.56,192.168.1.27,SMB,1024,141,query initiated
2025-04-17 00:29:22,192.168.1.80,192.168.1.22,SSH,1010,309,response initiated
2025-04-17 00:29:24,192.168.1.23,203.0.113.45,DNS,470,767,Upload initiated
2025-04-17 00:29:26,192.168.1.30,203.0.113.45,SMB,423,460,phishing initiated
2025-04-17 00:14:44,192.168.1.16,198.51.100.25,SMB,495,379,phishing initiated
2025-04-17 00:44:15,192.168.1.36,192.168.1.40,SSH,831,965,ack initiated
2025-04-17 00:29:32,192.168.1.62,192.168.1.37,DNS,340,1330,ack initiated
2025-04-17 00:44:21,192.168.1.30,192.168.1.22,DNS,568,349,ack initiated
2025-04-17 00:14:48,192.168.1.57,192.168.1.29,SSH,607,950,connect initiated
2025-04-17 00:14:49,192.168.1.54,192.168.1.19,HTTPS,603,512,handshake initiated
2025-04-17 00:29:40,192.168.1.84,203.0.113.45,SMB,843,1301,phishing initiated
2025-04-17 00:44:33,192.168.1.23,192.168.1.17,HTTP,192,711,handshake initiated
2025-04-17 00:44:36,192.168.1.45,192.168.1.63,DNS,352,1143,handshake initiated
2025-04-17 00:44:39,192.168.1.52,192.168.1.20,FTP,168,448,handshake initiated
2025-04-17 00:29:48,192.168.1.75,198.51.100.25,SMB,544,1224,phishing initiated
2025-04-17 00:44:45,192.168.1.81,192.168.1.44,ICMP,809,729,query initiated
2025-04-17 00:44:48,192.168.1.96,172.217.5.110,HTTPS,785,1002,C2 initiated
2025-04-17 00:29:54,192.168.1.49,172.217.5.110,HTTP,557,1108,phishing initiated
2025-04-17 00:29:56,192.168.1.12,192.168.1.48,ICMP,876,950,connect initiated
2025-04-17 00:29:58,192.168.1.19,192.168.1.93,DNS,456,1437,handshake initiated
2025-04-17 00:45:00,192.168.1.83,192.168.1.22,SMB,904,1436,query initiated
2025-04-17 00:45:03,192.168.1.46,192.168.1.13,SSH,522,1275,handshake initiated
2025-04-17 00:15:02,192.168.1.11,192.168.1.21,SMB,81,1369,handshake initiated
2025-04-17 00:30:06,192.168.1.41,192.168.1.98,SSH,550,1330,handshake initiated
2025-04-17 00:45:12,192.168.1.24,192.168.1.12,FTP,735,1067,query initiated
2025-04-17 00:30:10,192.168.1.54,192.168.1.60,HTTP,364,529,ack initiated
2025-04-17 00:15:06,192.168.1.19,192.168.1.75,HTTP,1003,908,handshake initiated
2025-04-17 00:30:14,192.168.1.71,192.168.1.67,SSH,838,1094,handshake initiated
2025-04-17 00:30:16,192.168.1.65,192.168.1.96,HTTP,334,171,connect initiated
2025-04-17 00:45:27,192.168.1.30,192.168.1.25,HTTPS,167,198,ack initiated
2025-04-17 00:30:20,192.168.1.43,192.168.1.77,ICMP,535,387,query initiated
2025-04-17 00:45:33,192.168.1.43,192.168.1.46,SSH,227,648,ack initiated
2025-04-17 00:30:24,192.168.1.16,203.0.113.45,DNS,76,1230,cleanup initiated
2025-04-17 00:30:26,192.168.1.54,198.51.100.25,SMB,248,595,cleanup initiated
2025-04-17 00:30:28,192.168.1.66,203.0.113.45,SSH,568,439,cleanup initiated
2025-04-17 00:15:15,192.168.1.97,192.168.1.47,HTTPS,493,455,query initiated
2025-04-17 00:30:32,192.168.1.93,172.217.5.110,HTTP,584,1153,cleanup initiated
2025-04-17 00:15:17,192.168.1.11,192.168.1.69,FTP,669,184,handshake initiated
2025-04-17 00:30:36,192.168.1.20,192.168.1.17,DNS,819,770,handshake initiated
2025-04-17 00:15:19,192.168.1.63,203.0.113.45,DNS,847,420,phishing initiated
2025-04-17 00:30:40,192.168.1.41,192.168.1.16,SSH,477,1246,ack initiated
2025-04-17 00:46:03,192.168.1.63,192.168.1.16,ICMP,525,1182,handshake initiated
2025-04-17 00:46:06,192.168.1.27,192.168.1.58,SSH,829,464,ack initiated
2025-04-17 00:30:46,192.168.1.41,192.168.1.25,HTTPS,1003,899,ack initiated
2025-04-17 00:15:24,192.168.1.24,172.217.5.110,SMB,23,1401,phishing initiated
2025-04-17 00:30:50,192.168.1.43,192.168.1.60,HTTP,782,1134,connect initiated
2025-04-17 00:46:18,192.168.1.42,192.168.1.32,FTP,83,1348,query initiated
2025-04-17 00:15:27,192.168.1.87,192.168.1.84,ICMP,469,395,response initiated
2025-04-17 00:15:28,192.168.1.21,198.51.100.25,FTP,357,326,phishing initiated
2025-04-17 00:15:29,192.168.1.81,192.168.1.98,SMB,429,551,connect initiated
2025-04-17 00:31:00,192.168.1.58,192.168.1.23,DNS,470,274,connect initiated
2025-04-17 00:31:02,192.168.1.24,192.168.1.90,HTTPS,306,134,ack initiated
2025-04-17 00:31:04,192.168.1.34,192.168.1.75,DNS,80,147,ack initiated
2025-04-17 00:15:33,192.168.1.28,198.51.100.25,HTTP,886,287,C2 initiated
2025-04-17 00:31:08,192.168.1.83,192.168.1.98,SSH,921,1489,response initiated
2025-04-17 00:31:10,192.168.1.23,192.168.1.38,FTP,83,933,connect initiated
2025-04-17 00:46:48,192.168.1.75,192.168.1.79,FTP,751,624,connect initiated
2025-04-17 00:15:37,192.168.1.62,192.168.1.91,ICMP,285,1492,connect initiated
2025-04-17 00:15:38,192.168.1.82,192.168.1.29,FTP,730,190,ack initiated
2025-04-17 00:15:39,192.168.1.90,192.168.1.26,FTP,86,643,ack initiated
2025-04-17 00:15:40,192.168.1.39,198.51.100.25,HTTP,148,860,Upload initiated
2025-04-17 00:47:03,192.168.1.28,192.168.1.30,SMB,628,290,handshake initiated
2025-04-17 00:31:24,192.168.1.41,172.217.5.110,SSH,816,644,Upload initiated
2025-04-17 00:31:26,192.168.1.23,192.168.1.75,HTTPS,635,643,handshake initiated
2025-04-17 00:47:12,192.168.1.44,192.168.1.43,DNS,647,1462,ack initiated
2025-04-17 00:31:30,192.168.1.70,192.168.1.19,ICMP,597,1414,ack initiated
2025-04-17 00:31:32,192.168.1.75,192.168.1.51,SMB,520,1236,handshake initiated
2025-04-17 00:31:34,192.168.1.56,192.168.1.97,ICMP,792,160,response initiated
2025-04-17 00:47:24,192.168.1.74,192.168.1.63,FTP,521,657,connect initiated
2025-04-17 00:15:49,192.168.1.56,192.168.1.56,SMB,196,1360,response initiated
2025-04-17 00:31:40,192.168.1.85,192.168.1.39,HTTPS,415,1304,connect initiated
2025-04-17 00:31:42,192.168.1.14,192.168.1.42,HTTP,548,1108,response initiated
2025-04-17 00:47:36,192.168.1.87,198.51.100.25,HTTPS,722,817,cleanup initiated
2025-04-17 00:31:46,192.168.1.86,192.168.1.94,DNS,364,326,connect initiated
2025-04-17 00:15:54,192.168.1.80,192.168.1.20,FTP,979,739,connect initiated
2025-04-17 00:15:55,192.168.1.11,172.217.5.110,ICMP,179,488,cleanup initiated
2025-04-17 00:47:48,192.168.1.82,192.168.1.64,HTTPS,310,1167,connect initiated
2025-04-17 00:47:51,192.168.1.36,192.168.1.78,DNS,482,1471,connect initiated
2025-04-17 00:31:56,192.168.1.59,192.168.1.68,ICMP,591,549,handshake initiated
2025-04-17 00:31:58,192.168.1.23,192.168.1.19,FTP,343,834,connect initiated
2025-04-17 00:16:00,192.168.1.55,192.168.1.83,HTTP,365,808,response initiated
2025-04-17 00:48:03,192.168.1.46,192.168.1.44,HTTP,891,909,query initiated
2025-04-17 00:48:06,192.168.1.55,192.168.1.32,DNS,570,524,response initiated
2025-04-17 00:48:09,192.168.1.46,192.168.1.15,SMB,479,826,connect initiated
2025-04-17 00:48:12,192.168.1.75,192.168.1.91,DNS,408,1148,ack initiated
2025-04-17 00:32:10,192.168.1.44,192.168.1.56,HTTP,89,1269,handshake initiated
2025-04-17 00:48:18,192.168.1.54,192.168.1.80,HTTP,29,1399,query initiated
2025-04-17 00:48:21,192.168.1.78,192.168.1.53,FTP,461,434,handshake initiated
2025-04-17 00:16:08,192.168.1.53,172.217.5.110,HTTP,536,427,cleanup initiated
2025-04-17 00:32:18,192.168.1.16,192.168.1.22,FTP,520,263,connect initiated
2025-04-17 00:32:20,192.168.1.62,192.168.1.27,HTTPS,933,164,ack initiated
2025-04-17 00:32:22,192.168.1.65,192.168.1.40,HTTP,487,458,response initiated
2025-04-17 00:48:36,192.168.1.15,192.168.1.44,HTTP,810,1042,response initiated
2025-04-17 00:32:26,192.168.1.36,192.168.1.38,SSH,679,1422,ack initiated
2025-04-17 00:32:28,192.168.1.20,192.168.1.98,ICMP,647,1341,ack initiated
2025-04-17 00:48:45,192.168.1.10,192.168.1.11,DNS,322,389,handshake initiated
2025-04-17 00:32:32,192.168.1.51,192.168.1.20,SSH,933,876,query initiated
2025-04-17 00:32:34,192.168.1.15,192.168.1.92,FTP,221,304,handshake initiated
2025-04-17 00:32:36,192.168.1.28,192.168.1.95,SMB,701,453,handshake initiated
2025-04-17 00:32:38,192.168.1.95,192.168.1.69,SMB,351,516,handshake initiated
2025-04-17 00:32:40,192.168.1.31,192.168.1.69,FTP,33,1363,connect initiated
2025-04-17 00:16:21,192.168.1.46,203.0.113.45,ICMP,455,907,cleanup initiated
2025-04-17 00:49:06,192.168.1.19,192.168.1.49,HTTPS,379,1364,query initiated
2025-04-17 00:16:23,192.168.1.83,192.168.1.96,DNS,73,373,query initiated
2025-04-17 00:32:48,192.168.1.20,192.168.1.43,HTTPS,819,252,response initiated
2025-04-17 00:49:15,192.168.1.26,192.168.1.22,HTTP,546,690,ack initiated
2025-04-17 00:16:26,192.168.1.50,192.168.1.78,DNS,854,1412,query initiated
2025-04-17 00:49:21,192.168.1.39,192.168.1.75,ICMP,64,331,ack initiated
2025-04-17 00:32:56,192.168.1.86,192.168.1.76,ICMP,543,1259,ack initiated
2025-04-17 00:32:58,192.168.1.23,192.168.1.74,SMB,161,121,connect initiated
2025-04-17 00:16:30,192.168.1.81,192.168.1.44,HTTPS,171,276,handshake initiated
2025-04-17 00:33:02,192.168.1.69,192.168.1.42,SMB,540,1034,query initiated
2025-04-17 00:49:36,192.168.1.29,192.168.1.31,DNS,234,736,handshake initiated
2025-04-17 00:16:33,192.168.1.90,192.168.1.15,SMB,764,155,response initiated
2025-04-17 00:16:34,192.168.1.45,192.168.1.23,HTTP,523,443,ack initiated
2025-04-17 00:16:35,192.168.1.73,192.168.1.48,ICMP,770,257,ack initiated
2025-04-17 00:33:12,192.168.1.12,192.168.1.11,ICMP,893,1386,handshake initiated
2025-04-17 00:49:51,192.168.1.45,192.168.1.85,SMB,424,1332,query initiated
2025-04-17 00:16:38,192.168.1.95,192.168.1.19,SSH,123,115,response initiated
2025-04-17 00:16:39,192.168.1.46,192.168.1.61,ICMP,769,1362,handshake initiated
